prompt_idx,token_pos,token_text,cos_000_to_001,cos_001_to_002,cos_002_to_003,cos_003_to_004,cos_004_to_005,cos_005_to_006,cos_006_to_007,cos_007_to_008,cos_008_to_009,cos_009_to_010,cos_010_to_011,cos_011_to_012,cos_012_to_013,cos_013_to_014,cos_014_to_015,cos_015_to_016,cos_016_to_017,cos_017_to_018,cos_018_to_019,cos_019_to_020,cos_020_to_021,cos_021_to_022,cos_022_to_023,cos_023_to_024,cos_024_to_025,cos_025_to_026,cos_026_to_027,cos_027_to_028,cos_028_to_029,cos_029_to_030,cos_030_to_031,cos_031_to_032,cos_032_to_033,cos_033_to_034,cos_034_to_035,cos_035_to_036,cos_036_to_037,cos_037_to_038,cos_038_to_039,cos_039_to_040,cos_040_to_041,cos_041_to_042,cos_042_to_043,cos_043_to_044,cos_044_to_045,cos_045_to_046,cos_046_to_047,cos_047_to_048,cos_048_to_049,cos_049_to_050,cos_050_to_051,cos_051_to_052,cos_052_to_053,cos_053_to_054,cos_054_to_055,cos_055_to_056,cos_056_to_057,cos_057_to_058,cos_058_to_059,cos_059_to_060,cos_060_to_061,cos_061_to_062,cos_062_to_063,cos_063_to_064
0,0,The,0.07631634175777435,0.9260770678520203,0.9773849844932556,0.9637423753738403,0.5958887338638306,0.9997074604034424,0.9998076558113098,0.9999995827674866,0.9999938607215881,0.9999998211860657,0.9999799132347107,0.9999998807907104,0.9999932050704956,0.999999463558197,0.9999990463256836,0.9999983906745911,0.9999993443489075,0.999999463558197,0.9999998211860657,0.9999977350234985,0.9999993443489075,0.9999996423721313,0.9999930262565613,0.9999991059303284,0.9999998807907104,0.9999995827674866,0.9999996423721313,0.999998927116394,0.9999989867210388,0.9999992847442627,0.9999995231628418,0.999998927116394,0.9999979734420776,0.9999929070472717,0.9999984502792358,0.9999696612358093,0.9999976754188538,0.9999911785125732,0.9999947547912598,0.9999940991401672,0.9999948740005493,0.9999949336051941,0.9999966621398926,0.9999983310699463,0.9999989867210388,0.9999995827674866,0.9999995827674866,0.9999994039535522,0.999999463558197,0.9999969005584717,0.9999988675117493,0.9999988079071045,0.9999987483024597,0.9999986886978149,0.9999988675117493,0.9999987483024597,0.9999943375587463,0.9999930262565613,0.9999815225601196,0.9999210834503174,0.9987367987632751,0.9992985725402832,0.9962591528892517,0.3367931544780731
0,1, capital,0.1368996649980545,0.9723083972930908,0.9745004773139954,0.9562277793884277,0.9505380988121033,0.9706920981407166,0.9731482267379761,0.9610796570777893,0.922073483467102,0.966609537601471,0.9767603278160095,0.977904736995697,0.9737948775291443,0.9727374315261841,0.9737585783004761,0.9733834862709045,0.9785153865814209,0.98317950963974,0.9839415550231934,0.9861606359481812,0.9869331121444702,0.9863446950912476,0.9881214499473572,0.9894289970397949,0.9919120669364929,0.9899606704711914,0.9884957075119019,0.9879578351974487,0.9879768490791321,0.9883626699447632,0.9692485928535461,0.9863083958625793,0.9814793467521667,0.9824061989784241,0.986116349697113,0.9878391027450562,0.989770233631134,0.9887067675590515,0.9907404184341431,0.990071177482605,0.9906119704246521,0.9906005859375,0.9862751960754395,0.9846366047859192,0.982879638671875,0.9867525696754456,0.9732297658920288,0.9869092702865601,0.985012948513031,0.9353863000869751,0.9789189696311951,0.9403899312019348,0.9746921062469482,0.9729077816009521,0.9725072979927063,0.97027188539505,0.9757813215255737,0.9724249839782715,0.9756163954734802,0.9710544943809509,0.970262348651886,0.9666267037391663,0.950567364692688,0.41262227296829224
0,2, of,0.08269988745450974,0.9677179455757141,0.9721899032592773,0.9552769660949707,0.9251726269721985,0.9568123817443848,0.9559186100959778,0.9461758732795715,0.8686375021934509,0.9327716827392578,0.9642480611801147,0.9630570411682129,0.9543428421020508,0.9574095010757446,0.9572150707244873,0.9551164507865906,0.9637522101402283,0.9714676737785339,0.9740143418312073,0.9762884378433228,0.9765679240226746,0.9765723347663879,0.9809550046920776,0.9816760420799255,0.9849498271942139,0.9819958806037903,0.9790525436401367,0.97882479429245,0.9788346886634827,0.9795808792114258,0.974312961101532,0.9794429540634155,0.9645792245864868,0.9687379598617554,0.9730567932128906,0.9757698178291321,0.9768393039703369,0.979985773563385,0.9803145527839661,0.9829703569412231,0.9847537279129028,0.9833394289016724,0.976568341255188,0.976036787033081,0.9673316478729248,0.9790964126586914,0.974277675151825,0.9740859270095825,0.9693808555603027,0.9590696692466736,0.9703765511512756,0.9675322771072388,0.9770514369010925,0.9786822199821472,0.9779309034347534,0.982663094997406,0.9834693074226379,0.9804531931877136,0.9833402037620544,0.9817967414855957,0.9807510375976562,0.9736518263816833,0.954746425151825,0.4063294231891632
0,3, Germany,0.11959175020456314,0.9733596444129944,0.9582229256629944,0.964754045009613,0.9269102215766907,0.9588661193847656,0.9769056439399719,0.9847800731658936,0.9702291488647461,0.9789740443229675,0.9700417518615723,0.9609782695770264,0.9463291168212891,0.955657422542572,0.9534408450126648,0.9320505261421204,0.9568079710006714,0.9676295518875122,0.9739413261413574,0.977055549621582,0.9748547673225403,0.979580819606781,0.9797118306159973,0.9835615754127502,0.9842941164970398,0.9826153516769409,0.981153666973114,0.9786456227302551,0.9814388751983643,0.9829332828521729,0.9687325954437256,0.9798170328140259,0.9659126996994019,0.9739764332771301,0.9789930582046509,0.9791944026947021,0.9806331992149353,0.9816497564315796,0.9834808111190796,0.9852432608604431,0.9847162961959839,0.9869770407676697,0.983388364315033,0.9800241589546204,0.9790005087852478,0.9849193692207336,0.980444610118866,0.9838441014289856,0.9861221313476562,0.9802535176277161,0.9826960563659668,0.9777260422706604,0.9857488870620728,0.9880436062812805,0.9876218438148499,0.9854201078414917,0.9854961633682251,0.9878422021865845,0.9899172782897949,0.9835327863693237,0.9852480292320251,0.9758214354515076,0.9415878057479858,0.40859779715538025
0,4, is,0.12529149651527405,0.9555022120475769,0.9777672290802002,0.9655841588973999,0.905283510684967,0.9458866715431213,0.9542593359947205,0.9652998447418213,0.9367260336875916,0.934533953666687,0.9634619951248169,0.960074782371521,0.9331965446472168,0.9491387605667114,0.949492335319519,0.932734489440918,0.9395446181297302,0.9604021310806274,0.9674689173698425,0.9644742608070374,0.9648233652114868,0.9693779349327087,0.9721607565879822,0.9753378629684448,0.9784974455833435,0.9730960726737976,0.965275764465332,0.971967339515686,0.9691368937492371,0.9668024778366089,0.9705294370651245,0.9700216054916382,0.950079619884491,0.9555500745773315,0.9629622101783752,0.9688548445701599,0.9663556218147278,0.9727771878242493,0.9776182174682617,0.9801303744316101,0.9793619513511658,0.9798006415367126,0.9752293229103088,0.974938690662384,0.9731094241142273,0.9781720638275146,0.9791005849838257,0.9763076305389404,0.9784576296806335,0.9721304178237915,0.9766918420791626,0.9610645174980164,0.9788066744804382,0.9788471460342407,0.9747872352600098,0.9773306250572205,0.9720833897590637,0.9784647226333618,0.9796794652938843,0.9664314389228821,0.9683695435523987,0.9716368317604065,0.9390323758125305,0.45190954208374023
1,0,Die,0.12989434599876404,0.9491608738899231,0.9537473320960999,0.8743187785148621,0.25544655323028564,0.999625563621521,0.999764621257782,0.9999976754188538,0.9999939203262329,0.9999996423721313,0.9999750852584839,0.9999995827674866,0.9999918341636658,0.9999993443489075,0.999998927116394,0.9999977946281433,0.9999993443489075,0.9999995827674866,0.9999996423721313,0.9999973773956299,0.9999992847442627,0.9999995231628418,0.9999912977218628,0.9999988675117493,0.9999998211860657,0.9999995827674866,0.9999994039535522,0.9999986886978149,0.9999986886978149,0.9999992847442627,0.9999995231628418,0.9999988675117493,0.9999978542327881,0.9999914169311523,0.9999982714653015,0.9999630451202393,0.9999974370002747,0.99998939037323,0.9999937415122986,0.9999929070472717,0.9999935626983643,0.9999938607215881,0.9999958872795105,0.9999980926513672,0.9999990463256836,0.9999994039535522,0.9999993443489075,0.9999994039535522,0.999999463558197,0.9999964237213135,0.9999987483024597,0.9999988079071045,0.9999985098838806,0.9999984502792358,0.9999985694885254,0.9999982714653015,0.9999930262565613,0.9999916553497314,0.9999779462814331,0.9999385476112366,0.9986096024513245,0.999182403087616,0.9960376620292664,0.3069201409816742
1,1, Haupt,0.12358883023262024,0.9653998017311096,0.9601366519927979,0.9155018329620361,0.9238671064376831,0.9510359764099121,0.8721369504928589,0.9741461277008057,0.955854594707489,0.956722617149353,0.9695943593978882,0.9713780879974365,0.958279550075531,0.9680468440055847,0.9724298119544983,0.9762693643569946,0.9785529375076294,0.9838346838951111,0.9805464744567871,0.9805970788002014,0.9885227680206299,0.9871588349342346,0.9898204803466797,0.9872669577598572,0.9912920594215393,0.9918625950813293,0.9896378517150879,0.9880849719047546,0.9869819283485413,0.987001895904541,0.9864531755447388,0.9866441488265991,0.9769585132598877,0.9833185076713562,0.9845734238624573,0.9846608638763428,0.9878100156784058,0.9852146506309509,0.9867897033691406,0.9855567812919617,0.9872468709945679,0.993490993976593,0.9896084070205688,0.9898321032524109,0.9856220483779907,0.9818269610404968,0.9853434562683105,0.9818141460418701,0.9839287996292114,0.9606505632400513,0.9687250256538391,0.9500709772109985,0.9667438268661499,0.9711257219314575,0.9770150184631348,0.9765340089797974,0.9751487970352173,0.9798036217689514,0.9763837456703186,0.9727419018745422,0.9532992839813232,0.9465509653091431,0.9179468750953674,0.4590390920639038
1,2,stadt,0.10922393202781677,0.9649960994720459,0.9536195397377014,0.8928588032722473,0.8458397388458252,0.93699049949646,0.8381750583648682,0.9731323719024658,0.9066303968429565,0.9642226696014404,0.9644992351531982,0.950645923614502,0.9411007165908813,0.9579617381095886,0.9572924375534058,0.9500074982643127,0.9605745077133179,0.9729787707328796,0.9745212197303772,0.9771406054496765,0.9777989983558655,0.9782381057739258,0.979102373123169,0.9811388850212097,0.984394907951355,0.9816722273826599,0.9795900583267212,0.9780229926109314,0.9774896502494812,0.9800032377243042,0.9829703569412231,0.9798494577407837,0.971632719039917,0.9795811772346497,0.9821792244911194,0.9835630655288696,0.9848628044128418,0.9850018620491028,0.9852692484855652,0.9858965277671814,0.9889050126075745,0.9897511601448059,0.9834475517272949,0.9848417639732361,0.983036994934082,0.9814154505729675,0.9856205582618713,0.9775092601776123,0.9830410480499268,0.9785399436950684,0.9827181100845337,0.9674708247184753,0.978581428527832,0.9830858111381531,0.9813717603683472,0.9822537899017334,0.9721223711967468,0.9735289812088013,0.9732449650764465,0.9689635038375854,0.9509633779525757,0.955718457698822,0.9067192673683167,0.45016199350357056
1,3, von,0.14306485652923584,0.9550034999847412,0.9458792805671692,0.9381011128425598,0.9351288676261902,0.9324795603752136,0.9796995520591736,0.9741202592849731,0.9414829611778259,0.909174919128418,0.9583061933517456,0.9307509064674377,0.909471869468689,0.9432910680770874,0.9327977895736694,0.9400692582130432,0.9563741087913513,0.9677770733833313,0.9677746295928955,0.9770796298980713,0.9776937365531921,0.9749679565429688,0.9775459170341492,0.9797382354736328,0.9801005721092224,0.9810130596160889,0.9739331603050232,0.9673668146133423,0.9713546633720398,0.967697024345398,0.9718226790428162,0.9645147919654846,0.9466073513031006,0.9557161331176758,0.9645046591758728,0.9739322662353516,0.9690458178520203,0.9748533368110657,0.9737275838851929,0.9819923043251038,0.982542872428894,0.9840711951255798,0.9812071919441223,0.9791340231895447,0.9739073514938354,0.9756266474723816,0.9679351449012756,0.9690529108047485,0.9696385860443115,0.9605834484100342,0.966965913772583,0.9647288918495178,0.9746071696281433,0.9724366068840027,0.9774748682975769,0.9715146422386169,0.9649527072906494,0.9641711711883545,0.968824565410614,0.9612921476364136,0.9504866600036621,0.9579512476921082,0.9225060939788818,0.470445841550827
1,4, Deutschland,0.12240611016750336,0.9633733630180359,0.9495629072189331,0.9346629977226257,0.9373974204063416,0.9719106554985046,0.96340012550354,0.9467730522155762,0.9447475671768188,0.9730021357536316,0.9508037567138672,0.9494271278381348,0.9400315880775452,0.9488867521286011,0.9506163597106934,0.9397858381271362,0.9608782529830933,0.9627130031585693,0.9744497537612915,0.9760398864746094,0.9758631587028503,0.9782134294509888,0.977469265460968,0.979525625705719,0.9858009219169617,0.9831600785255432,0.9814521074295044,0.9754162430763245,0.9700934886932373,0.9785013794898987,0.9730871915817261,0.9808043241500854,0.971924901008606,0.9791666269302368,0.9787765145301819,0.981027364730835,0.9803705811500549,0.982397735118866,0.9861116409301758,0.9859867095947266,0.983616054058075,0.988265335559845,0.9837360382080078,0.9792276620864868,0.9730755686759949,0.9847846627235413,0.977910578250885,0.9808273911476135,0.9827220439910889,0.981488823890686,0.9789771437644958,0.9738668203353882,0.9822214841842651,0.9860007762908936,0.9803467392921448,0.9762003421783447,0.9784954190254211,0.982667863368988,0.9780609011650085,0.961891233921051,0.958411693572998,0.9604565501213074,0.9283474087715149,0.37887901067733765
1,5, ist,0.13315173983573914,0.9490669369697571,0.9576869606971741,0.932274341583252,0.9173305034637451,0.966930627822876,0.9710124731063843,0.9800652265548706,0.9404621720314026,0.9466500878334045,0.9608057737350464,0.9643917083740234,0.9324589967727661,0.9548355937004089,0.9535685181617737,0.92122483253479,0.9462169408798218,0.9630228877067566,0.9717989563941956,0.9680171012878418,0.9634498357772827,0.9673977494239807,0.9584330916404724,0.9645540118217468,0.9778478145599365,0.9748178720474243,0.9683631658554077,0.9677368998527527,0.9671196341514587,0.967361569404602,0.9704197645187378,0.9684485793113708,0.95665043592453,0.9659672379493713,0.9669268131256104,0.9764246940612793,0.9703537821769714,0.9763920307159424,0.98299640417099,0.9823592305183411,0.9815400838851929,0.9858164191246033,0.9813876748085022,0.9807049632072449,0.974012553691864,0.9774478673934937,0.9745965003967285,0.9725738763809204,0.9751785397529602,0.9606660604476929,0.9723456501960754,0.9526749849319458,0.9692763090133667,0.9747475981712341,0.9701231122016907,0.9667506217956543,0.9633761048316956,0.9659109711647034,0.9755260944366455,0.9516842365264893,0.9414978623390198,0.9510728716850281,0.9158729910850525,0.4364025294780731
2,0,La,0.1183696985244751,0.9362162351608276,0.9619004726409912,0.9157852530479431,0.45475417375564575,0.9997168183326721,0.9997838735580444,0.9999994039535522,0.9999930262565613,0.9999996423721313,0.999977707862854,0.9999998211860657,0.9999927878379822,0.9999994039535522,0.999998927116394,0.9999983310699463,0.9999994039535522,0.999999463558197,0.9999997615814209,0.999997615814209,0.9999992251396179,0.9999996423721313,0.999992311000824,0.9999992847442627,0.9999996423721313,0.9999993443489075,0.9999993443489075,0.9999986886978149,0.9999987483024597,0.9999991655349731,0.9999995827674866,0.9999987483024597,0.999997615814209,0.9999921321868896,0.9999984502792358,0.9999663829803467,0.9999977946281433,0.9999904036521912,0.9999944567680359,0.9999938011169434,0.9999943971633911,0.9999943375587463,0.9999963641166687,0.9999979734420776,0.9999990463256836,0.9999996423721313,0.9999995231628418,0.9999992847442627,0.9999995231628418,0.9999967813491821,0.9999988675117493,0.9999991655349731,0.9999985098838806,0.9999988079071045,0.9999988675117493,0.9999985694885254,0.9999936819076538,0.9999923706054688,0.9999796748161316,0.9999284148216248,0.9987093210220337,0.9992532730102539,0.99663907289505,0.3264428675174713
2,1, capit,0.11137550324201584,0.9638320207595825,0.9606547951698303,0.9221363067626953,0.852169394493103,0.9548299908638,0.9538815021514893,0.9690648317337036,0.935958981513977,0.9642840027809143,0.9681218266487122,0.9760767221450806,0.9749330282211304,0.9757198095321655,0.9809824824333191,0.9784621596336365,0.9818616509437561,0.9841809272766113,0.9886833429336548,0.9846464991569519,0.9876768589019775,0.9899635314941406,0.9917550086975098,0.9918267726898193,0.9944050312042236,0.9939367175102234,0.9906930923461914,0.9870498180389404,0.9895609617233276,0.9888176321983337,0.9881650805473328,0.9903096556663513,0.9860522150993347,0.9861103892326355,0.9913970232009888,0.9889167547225952,0.9918311238288879,0.9905529618263245,0.9931148886680603,0.9922324419021606,0.9934848546981812,0.9945167303085327,0.9873113632202148,0.9869093298912048,0.9873446226119995,0.9846014380455017,0.9845374822616577,0.9860763549804688,0.9846224784851074,0.9598051309585571,0.9702708721160889,0.9274435043334961,0.977009117603302,0.9493346810340881,0.9700983166694641,0.960666298866272,0.9631717205047607,0.9737183451652527,0.9725633859634399,0.9684786200523376,0.9780464172363281,0.9492978453636169,0.9476272463798523,0.44091781973838806
2,2,ale,0.11123942583799362,0.9550791382789612,0.9383102059364319,0.8924956321716309,0.747768759727478,0.9542245864868164,0.861114501953125,0.9581308960914612,0.8548680543899536,0.959178626537323,0.9573186039924622,0.9629969596862793,0.9584029316902161,0.9640320539474487,0.9668967127799988,0.9635990262031555,0.9715408086776733,0.9798343181610107,0.9833343625068665,0.9807720184326172,0.9840347170829773,0.9872702956199646,0.9872142672538757,0.9890355467796326,0.9897627830505371,0.9894508123397827,0.9860724806785583,0.9860959649085999,0.9831173419952393,0.9858795404434204,0.9818889498710632,0.9852153658866882,0.978617250919342,0.9841342568397522,0.9855506420135498,0.9868068695068359,0.9880630373954773,0.9887237548828125,0.9906788468360901,0.9910964965820312,0.9912845492362976,0.991354763507843,0.9868029356002808,0.9871625900268555,0.9838520288467407,0.986017107963562,0.9858134388923645,0.9875226020812988,0.982829749584198,0.9721023440361023,0.9845858216285706,0.9673536419868469,0.9831871390342712,0.9830081462860107,0.9845864772796631,0.9827247858047485,0.9808807373046875,0.9835679531097412,0.965700089931488,0.9763287901878357,0.9658998250961304,0.9594807624816895,0.9037340879440308,0.5455138683319092
2,3, de,0.13879737257957458,0.9639210104942322,0.9463249444961548,0.9094876646995544,0.8488653898239136,0.9434738159179688,0.9227800369262695,0.9559552669525146,0.905657947063446,0.9259163737297058,0.9604098796844482,0.9484575986862183,0.924984335899353,0.9534725546836853,0.9533055424690247,0.9570127725601196,0.9617792963981628,0.9729230999946594,0.9744689464569092,0.976423978805542,0.9799273014068604,0.9809431433677673,0.9838055968284607,0.9832146763801575,0.9857593178749084,0.98537278175354,0.9781875014305115,0.9782395958900452,0.9778422713279724,0.9798606038093567,0.9759549498558044,0.9777207970619202,0.9621710777282715,0.9726297855377197,0.9753133058547974,0.9786447286605835,0.9804754257202148,0.9816572666168213,0.9831351637840271,0.9853290319442749,0.9853336811065674,0.9875155687332153,0.9836574196815491,0.980873703956604,0.9797557592391968,0.9842283129692078,0.9774041771888733,0.9813245534896851,0.9775703549385071,0.9702050685882568,0.9730598330497742,0.9692316055297852,0.9819788932800293,0.9842435717582703,0.9787052273750305,0.9747068285942078,0.9818170666694641,0.9793153405189514,0.9834514260292053,0.9797071218490601,0.9805896878242493,0.9692342281341553,0.9296490550041199,0.5008871555328369
2,4, l,0.11028362065553665,0.9630143046379089,0.945371687412262,0.9230497479438782,0.9486674666404724,0.9563912749290466,0.9664462804794312,0.9663503170013428,0.9606735706329346,0.9198997020721436,0.9539187550544739,0.9506250023841858,0.9022657871246338,0.9260629415512085,0.9438608288764954,0.938808262348175,0.9556605219841003,0.9668853282928467,0.9676043391227722,0.97384113073349,0.9761356711387634,0.9780135750770569,0.978343665599823,0.9798044562339783,0.9847552180290222,0.9840768575668335,0.9784473776817322,0.9747254252433777,0.9800803661346436,0.9798402786254883,0.9767594337463379,0.9756177067756653,0.9601739645004272,0.9686397910118103,0.9703047871589661,0.9773578643798828,0.9771530032157898,0.9805230498313904,0.982586681842804,0.9854541420936584,0.9851446151733398,0.9882495999336243,0.9821245074272156,0.9740290641784668,0.9778513312339783,0.9829341173171997,0.9709677696228027,0.9764201641082764,0.9525164365768433,0.9722743630409241,0.9692981839179993,0.9706853032112122,0.9661620259284973,0.9748935103416443,0.957128643989563,0.9719222187995911,0.9704039096832275,0.9679636359214783,0.9730333089828491,0.9650355577468872,0.9636518955230713,0.9521195888519287,0.8987419009208679,0.4751266837120056
2,5,',0.09228865802288055,0.8933006525039673,0.964073896408081,0.9387839436531067,0.9452692866325378,0.966103732585907,0.9775803089141846,0.9733002781867981,0.9685959219932556,0.9578678607940674,0.9652045965194702,0.9736814498901367,0.9597571492195129,0.9588228464126587,0.966468870639801,0.9661142230033875,0.9764118790626526,0.9775229096412659,0.9775331020355225,0.9785476922988892,0.9795723557472229,0.9806177020072937,0.9828296899795532,0.9858443140983582,0.9870919585227966,0.9870158433914185,0.9764808416366577,0.9762464165687561,0.9822536110877991,0.9831100106239319,0.9832459688186646,0.9790039658546448,0.9734770655632019,0.9778922200202942,0.9809269309043884,0.9824398756027222,0.9838245511054993,0.9826460480690002,0.9861390590667725,0.9874971508979797,0.9894492030143738,0.990412712097168,0.9758328795433044,0.9824742078781128,0.976423442363739,0.9820957183837891,0.9727383255958557,0.9811570644378662,0.9566234946250916,0.9733725190162659,0.9749959111213684,0.9606127738952637,0.9767968654632568,0.9775183200836182,0.9557379484176636,0.9784635305404663,0.9748490452766418,0.9764537215232849,0.9726693034172058,0.9775350689888,0.9664890766143799,0.9608851075172424,0.9238811135292053,0.4485928416252136
2,6,Al,0.10680392384529114,0.9684299826622009,0.9522438645362854,0.9395681619644165,0.9164567589759827,0.9396836161613464,0.9748522639274597,0.9366510510444641,0.93375563621521,0.9672890901565552,0.9651490449905396,0.9620092511177063,0.9635488390922546,0.9547836184501648,0.9586677551269531,0.9555633664131165,0.9738981127738953,0.977965772151947,0.9728360176086426,0.9803742170333862,0.9839900732040405,0.9818689227104187,0.9802321195602417,0.9852342009544373,0.9882088899612427,0.9828345775604248,0.9736160635948181,0.9601516127586365,0.9813206791877747,0.9819251298904419,0.9824516177177429,0.972213089466095,0.9679589867591858,0.9740198850631714,0.9773099422454834,0.9807919263839722,0.9864718317985535,0.9815605282783508,0.987381637096405,0.9886252284049988,0.9900943636894226,0.9880528450012207,0.9820119142532349,0.9769433736801147,0.982311487197876,0.9799425601959229,0.9728221297264099,0.9750936031341553,0.9618659019470215,0.9696653485298157,0.9655534625053406,0.9622570872306824,0.9527509808540344,0.9607424736022949,0.9599910378456116,0.9438076019287109,0.9534012079238892,0.9517154693603516,0.9578290581703186,0.9681342244148254,0.9642748236656189,0.944500744342804,0.9209485650062561,0.5225298404693604
2,7,lem,0.1292279064655304,0.972218930721283,0.8263486623764038,0.9417663216590881,0.8687982559204102,0.9230433106422424,0.9542895555496216,0.9264711141586304,0.8360741138458252,0.9540678858757019,0.9458197355270386,0.9473935961723328,0.9652951955795288,0.9538429379463196,0.9598946571350098,0.9620867967605591,0.9703152179718018,0.9761629700660706,0.9780727624893188,0.9744566679000854,0.9771112203598022,0.9761549830436707,0.9808136820793152,0.9870713949203491,0.9880936145782471,0.9866937398910522,0.982952892780304,0.9820149540901184,0.9833379983901978,0.9874934554100037,0.9798199534416199,0.9849945306777954,0.9779556393623352,0.9817327260971069,0.9805216193199158,0.9860424995422363,0.9860023856163025,0.9862146377563477,0.9901919364929199,0.9903411269187927,0.9899967908859253,0.9917966723442078,0.9866477251052856,0.9842233061790466,0.9864993691444397,0.9863541126251221,0.9835103154182434,0.9877195954322815,0.9875760078430176,0.9833427667617798,0.9771113395690918,0.9672039747238159,0.9845483899116516,0.9752749800682068,0.9799501299858093,0.969026505947113,0.9692304730415344,0.9717128872871399,0.9729518294334412,0.9695718884468079,0.9661522507667542,0.9507513642311096,0.927119791507721,0.40625011920928955
2,8,agne,0.10986900329589844,0.9699828028678894,0.9273746013641357,0.917576789855957,0.810202956199646,0.9076405763626099,0.9529401659965515,0.9630812406539917,0.9345201849937439,0.9588200449943542,0.9557067155838013,0.9362697005271912,0.9359031319618225,0.9416663646697998,0.9461544156074524,0.9225217700004578,0.954981803894043,0.9576725959777832,0.9734703898429871,0.9713981747627258,0.9722800254821777,0.974984884262085,0.9792777299880981,0.978028416633606,0.9796470403671265,0.9808511137962341,0.9766797423362732,0.9781444668769836,0.9730660915374756,0.9747911095619202,0.9731828570365906,0.9702868461608887,0.9580466747283936,0.9676304459571838,0.9728848934173584,0.9753130078315735,0.9719883799552917,0.9797798991203308,0.9807195663452148,0.9824128150939941,0.9826734066009521,0.9855621457099915,0.9818137884140015,0.9804199934005737,0.9794984459877014,0.9761157035827637,0.980469286441803,0.9820417165756226,0.9843779802322388,0.9777252078056335,0.9770047664642334,0.9635053873062134,0.9770369529724121,0.9781643152236938,0.9837273359298706,0.9710075259208679,0.9604296684265137,0.9813166856765747,0.9743291139602661,0.9586338996887207,0.9525858163833618,0.9383313655853271,0.8834993243217468,0.5423049926757812
2,9, est,0.13068915903568268,0.9633394479751587,0.9591718316078186,0.9456722140312195,0.9396131634712219,0.9588481783866882,0.9552887082099915,0.967831552028656,0.9493000507354736,0.9310771822929382,0.957126796245575,0.9527321457862854,0.898415207862854,0.943731427192688,0.9454145431518555,0.9156271815299988,0.9281786680221558,0.952307939529419,0.9667316675186157,0.963974118232727,0.9659745693206787,0.970007598400116,0.9726114273071289,0.9763482809066772,0.9786038994789124,0.9762330055236816,0.9648585915565491,0.9687519669532776,0.971259593963623,0.9610787630081177,0.9718220829963684,0.9656193256378174,0.9480928778648376,0.9572864174842834,0.9596890211105347,0.973693311214447,0.9703420400619507,0.9759871959686279,0.9803561568260193,0.9809549450874329,0.9817390441894531,0.9844716787338257,0.9813252091407776,0.9787567853927612,0.9781333804130554,0.9794254302978516,0.9764814972877502,0.9757229089736938,0.9786426424980164,0.971493661403656,0.9763344526290894,0.9522114396095276,0.9749624729156494,0.978422224521637,0.9765278697013855,0.968113899230957,0.9642171859741211,0.9717078804969788,0.9740282297134399,0.9440915584564209,0.941425621509552,0.9469229578971863,0.9130166172981262,0.5544408559799194
3,0,La,0.1183696985244751,0.9362162351608276,0.9619004726409912,0.9157852530479431,0.45475417375564575,0.9997168183326721,0.9997838735580444,0.9999994039535522,0.9999930262565613,0.9999996423721313,0.999977707862854,0.9999998211860657,0.9999927878379822,0.9999993443489075,0.999998927116394,0.9999982118606567,0.999999463558197,0.9999994039535522,0.9999997019767761,0.9999976754188538,0.9999991059303284,0.9999995231628418,0.9999923706054688,0.9999991655349731,0.9999996423721313,0.9999994039535522,0.9999993443489075,0.9999987483024597,0.9999988675117493,0.9999992847442627,0.9999996423721313,0.9999987483024597,0.9999977946281433,0.9999922513961792,0.9999984502792358,0.9999663829803467,0.9999977946281433,0.9999904036521912,0.9999945759773254,0.9999935626983643,0.9999944567680359,0.9999943971633911,0.9999963641166687,0.9999980330467224,0.9999991655349731,0.9999996423721313,0.999999463558197,0.9999991655349731,0.999999463558197,0.9999967813491821,0.9999988675117493,0.9999992847442627,0.9999984502792358,0.9999985098838806,0.9999985098838806,0.9999986290931702,0.9999935626983643,0.9999926090240479,0.9999796748161316,0.9999284744262695,0.9987093210220337,0.9992531538009644,0.9966492056846619,0.32905834913253784
3,1, capital,0.1285114288330078,0.9653263688087463,0.9567320346832275,0.9453312158584595,0.8549702763557434,0.9593573212623596,0.9444146156311035,0.9537516832351685,0.8759793639183044,0.9639372229576111,0.9503449201583862,0.9582192897796631,0.9598987102508545,0.9668200016021729,0.9710524678230286,0.9668375849723816,0.9779866337776184,0.9803754091262817,0.9863155484199524,0.9811853170394897,0.9871898889541626,0.9880667328834534,0.9888135194778442,0.9900677800178528,0.9908987879753113,0.9916751384735107,0.9885053634643555,0.9872093796730042,0.9861101508140564,0.9860664010047913,0.9818681478500366,0.9886488318443298,0.9829261898994446,0.9848252534866333,0.9886646866798401,0.9851711988449097,0.9901474118232727,0.9893020391464233,0.9910383224487305,0.991317629814148,0.9921141266822815,0.9925468564033508,0.9885094165802002,0.9853128790855408,0.9860489964485168,0.9854028820991516,0.9847256541252136,0.9884856343269348,0.9830009341239929,0.968124270439148,0.9851086139678955,0.965629518032074,0.9813950657844543,0.9806811213493347,0.9830671548843384,0.9832050800323486,0.9803617000579834,0.9810235500335693,0.9666321873664856,0.9759688973426819,0.9614343047142029,0.9650657176971436,0.9197946786880493,0.5042813420295715
3,2, de,0.13451968133449554,0.9708983302116394,0.9489309191703796,0.9182875156402588,0.866840124130249,0.9563254714012146,0.9185723662376404,0.9552884101867676,0.8713220953941345,0.9410495758056641,0.9576249122619629,0.9532011151313782,0.9303939938545227,0.9571284651756287,0.9602214097976685,0.9571519494056702,0.9662604928016663,0.9723503589630127,0.9786706566810608,0.976800262928009,0.979126513004303,0.9829395413398743,0.9858123660087585,0.9850255846977234,0.9870933890342712,0.9876660108566284,0.9812217354774475,0.9816462397575378,0.9809502363204956,0.9816027283668518,0.9756224155426025,0.9818814992904663,0.9657544493675232,0.9752606153488159,0.9787604212760925,0.9786213040351868,0.9817563891410828,0.9828747510910034,0.9847477674484253,0.9870131611824036,0.9859724044799805,0.9889225363731384,0.9842074513435364,0.9808611869812012,0.9786046147346497,0.9837183356285095,0.9772405028343201,0.9803555011749268,0.9732826352119446,0.9675529599189758,0.9738215208053589,0.9673231244087219,0.9786059856414795,0.9799432754516602,0.9724901914596558,0.9809699654579163,0.9782895445823669,0.9790560007095337,0.982715368270874,0.9774476885795593,0.9786143898963928,0.9738829731941223,0.9304797053337097,0.4785417318344116
3,3, Ale,0.10962146520614624,0.9734302163124084,0.9527978301048279,0.9131525754928589,0.93312007188797,0.927394449710846,0.9398136138916016,0.9139279723167419,0.9230704307556152,0.9694929718971252,0.9573580622673035,0.9687870144844055,0.9773979187011719,0.9689804315567017,0.9691980481147766,0.9748818278312683,0.9783398509025574,0.9832599759101868,0.9828270077705383,0.9739850759506226,0.980617880821228,0.9832243919372559,0.984157145023346,0.9874163866043091,0.9873366355895996,0.9883540868759155,0.9858185648918152,0.9776322841644287,0.9826140403747559,0.9847773313522339,0.9795929789543152,0.983866810798645,0.9751062393188477,0.9815534353256226,0.9846310615539551,0.9845207333564758,0.9881264567375183,0.9860599040985107,0.9881705641746521,0.9902365207672119,0.991291344165802,0.9915701746940613,0.9864165782928467,0.985253095626831,0.9845294952392578,0.9845722317695618,0.9856088757514954,0.9848727583885193,0.9868580102920532,0.9785088300704956,0.965797483921051,0.9586741328239441,0.9505008459091187,0.9629741311073303,0.9601395726203918,0.9578221440315247,0.9672991633415222,0.9715518951416016,0.977196455001831,0.9767591953277588,0.9761814475059509,0.9614965915679932,0.9384909868240356,0.43328869342803955
3,4,mania,0.12702441215515137,0.9751284122467041,0.9368889331817627,0.9115843772888184,0.8578552007675171,0.9496455788612366,0.9621964693069458,0.9678733944892883,0.9395935535430908,0.9677234888076782,0.9602725505828857,0.953349232673645,0.9421950578689575,0.9516278505325317,0.9529317021369934,0.9341381192207336,0.9641370177268982,0.9655490517616272,0.9756856560707092,0.9754971265792847,0.9736221432685852,0.9823145866394043,0.9827281832695007,0.983272910118103,0.9832448363304138,0.9842372536659241,0.9814753532409668,0.9809489250183105,0.9802721738815308,0.9811050891876221,0.969144344329834,0.9757059216499329,0.9593939185142517,0.9704555869102478,0.9747545123100281,0.9795652031898499,0.9757971167564392,0.9801850914955139,0.980855405330658,0.9820609092712402,0.9816693663597107,0.9834423661231995,0.981151282787323,0.9791914820671082,0.9780184030532837,0.9767184853553772,0.9756599068641663,0.980642557144165,0.9836366772651672,0.9745518565177917,0.9797067046165466,0.9727070927619934,0.9806578755378723,0.9786306619644165,0.9823257327079773,0.975844144821167,0.9686382412910461,0.9798325896263123,0.9753130674362183,0.9680885672569275,0.9586411118507385,0.9442965984344482,0.906133234500885,0.5557399392127991
3,5, es,0.14709694683551788,0.9614875912666321,0.9579823017120361,0.9340344071388245,0.9268029928207397,0.9455507397651672,0.9634316563606262,0.9705697298049927,0.9564172625541687,0.9272887706756592,0.9571924805641174,0.9551339149475098,0.9125941395759583,0.9512394070625305,0.9417244791984558,0.9146503806114197,0.9361628890037537,0.957299530506134,0.9689520001411438,0.9651381969451904,0.9639960527420044,0.9729439616203308,0.9752275943756104,0.9788144826889038,0.9784772396087646,0.9735226631164551,0.9652812480926514,0.9684997200965881,0.9733204245567322,0.9674115180969238,0.974310040473938,0.969528317451477,0.9456251263618469,0.9565919637680054,0.9637612700462341,0.9721741080284119,0.96800297498703,0.9771601557731628,0.9811903238296509,0.9838234186172485,0.9836007952690125,0.9851409792900085,0.983196496963501,0.98115074634552,0.980207622051239,0.9804554581642151,0.9776536822319031,0.9787466526031494,0.9772442579269409,0.9725263118743896,0.9757139086723328,0.9575018286705017,0.9761641621589661,0.9787474870681763,0.9753729104995728,0.9733920097351074,0.9702586531639099,0.9707868099212646,0.9759942889213562,0.9437052607536316,0.9460998773574829,0.9489981532096863,0.9165636301040649,0.5253408551216125
4,0,La,0.1183696985244751,0.9362162351608276,0.9619004726409912,0.9157852530479431,0.45475417375564575,0.9997168183326721,0.9997838735580444,0.9999994039535522,0.9999930262565613,0.9999996423721313,0.999977707862854,0.9999998211860657,0.9999927878379822,0.9999993443489075,0.999998927116394,0.9999982118606567,0.999999463558197,0.9999994039535522,0.9999997019767761,0.9999976754188538,0.9999991059303284,0.9999995231628418,0.9999923706054688,0.9999991655349731,0.9999996423721313,0.9999994039535522,0.9999993443489075,0.9999987483024597,0.9999988675117493,0.9999992847442627,0.9999996423721313,0.9999987483024597,0.9999977946281433,0.9999922513961792,0.9999984502792358,0.9999663829803467,0.9999977946281433,0.9999904036521912,0.9999945759773254,0.9999935626983643,0.9999944567680359,0.9999943971633911,0.9999963641166687,0.9999980330467224,0.9999991655349731,0.9999996423721313,0.999999463558197,0.9999991655349731,0.999999463558197,0.9999967813491821,0.9999988675117493,0.9999992847442627,0.9999984502792358,0.9999985098838806,0.9999985098838806,0.9999986290931702,0.9999935626983643,0.9999926090240479,0.9999796748161316,0.9999284744262695,0.9987093210220337,0.9992531538009644,0.9966492056846619,0.32905834913253784
4,1, capit,0.11137550324201584,0.9638320207595825,0.9606547951698303,0.9221363067626953,0.852169394493103,0.9548299908638,0.9538815021514893,0.9690648317337036,0.935958981513977,0.9642840027809143,0.9681218266487122,0.9760783910751343,0.9749452471733093,0.975699782371521,0.9809738993644714,0.9784955382347107,0.9818539619445801,0.9841378331184387,0.9886801242828369,0.9846137762069702,0.9876870512962341,0.9899541735649109,0.9917586445808411,0.9918418526649475,0.9944026470184326,0.9939464330673218,0.9907075762748718,0.9870126247406006,0.9895439147949219,0.9887440800666809,0.9881871938705444,0.9902840852737427,0.9860275983810425,0.986102283000946,0.991428554058075,0.9889261722564697,0.9918233156204224,0.990624189376831,0.9931451082229614,0.9923077821731567,0.9934741258621216,0.994556725025177,0.9873042702674866,0.9868658781051636,0.9874633550643921,0.9846318364143372,0.9846435785293579,0.986116349697113,0.9846457839012146,0.959835946559906,0.9702905416488647,0.9273889064788818,0.9770165681838989,0.9494540691375732,0.9700629115104675,0.9607027173042297,0.962961733341217,0.973639726638794,0.9725414514541626,0.9684521555900574,0.9780099987983704,0.9494621753692627,0.947831928730011,0.43988969922065735
4,2,ale,0.11123942583799362,0.9550791382789612,0.9383102059364319,0.8924956321716309,0.747768759727478,0.9542245864868164,0.861114501953125,0.9581308960914612,0.8548680543899536,0.959178626537323,0.9573186039924622,0.963000476360321,0.9584257006645203,0.9641112685203552,0.9669191837310791,0.9636593461036682,0.9715721607208252,0.9798837304115295,0.9833670854568481,0.9807893633842468,0.9840203523635864,0.9872779250144958,0.9871996641159058,0.9890179634094238,0.9897653460502625,0.9894678592681885,0.9860809445381165,0.9860531687736511,0.9831265807151794,0.9858619570732117,0.981937050819397,0.9852234721183777,0.9787000417709351,0.9840936064720154,0.985535204410553,0.9868330955505371,0.9879975318908691,0.9886736869812012,0.9906590580940247,0.9910643696784973,0.9910907745361328,0.9913588166236877,0.9868606328964233,0.9872035980224609,0.9838690757751465,0.9860817193984985,0.9857734441757202,0.987536609172821,0.9828333854675293,0.9720945954322815,0.9845926761627197,0.9672862887382507,0.9831041097640991,0.9829171895980835,0.9845357537269592,0.9826642274856567,0.9807465672492981,0.9834582805633545,0.9655064940452576,0.9761547446250916,0.9657427668571472,0.9593532681465149,0.9033432602882385,0.5468980669975281
4,3, della,0.1601068377494812,0.9555100798606873,0.931573748588562,0.9334564805030823,0.9385861754417419,0.9404296278953552,0.9605877995491028,0.9486305713653564,0.9303678870201111,0.9076943397521973,0.9621973037719727,0.962807297706604,0.925103485584259,0.948373556137085,0.9593219757080078,0.9591742157936096,0.9566201567649841,0.9694960117340088,0.9656245708465576,0.9701930284500122,0.9806351065635681,0.9784765243530273,0.9784658551216125,0.9816750884056091,0.9844790697097778,0.9849501252174377,0.9800257086753845,0.9728890061378479,0.9787756204605103,0.9782658815383911,0.9719769954681396,0.9799965023994446,0.9613660573959351,0.9749354720115662,0.9766229391098022,0.979953408241272,0.9792620539665222,0.9820786714553833,0.980313777923584,0.985859751701355,0.9864614009857178,0.9879873394966125,0.9836684465408325,0.9833402633666992,0.980053722858429,0.9834649562835693,0.9761172533035278,0.9787600040435791,0.9672963619232178,0.9712624549865723,0.9676128029823303,0.9599082469940186,0.9670817255973816,0.9599142670631409,0.972204327583313,0.9633087515830994,0.9661175012588501,0.9675763845443726,0.9640409350395203,0.9614755511283875,0.9505518674850464,0.9440679550170898,0.9211218953132629,0.5737735629081726
4,4, German,0.1317386031150818,0.9653595685958862,0.9576319456100464,0.951387882232666,0.8653205037117004,0.9696010947227478,0.9759878516197205,0.9629085659980774,0.9360198378562927,0.9672619700431824,0.961796760559082,0.957325279712677,0.970008134841919,0.9656885266304016,0.965329647064209,0.962735652923584,0.9724031090736389,0.9780062437057495,0.979867696762085,0.9792836308479309,0.9805269241333008,0.9786953926086426,0.9806540012359619,0.9845966696739197,0.9871987104415894,0.9864163398742676,0.9844587445259094,0.9802513718605042,0.9828298687934875,0.9859631061553955,0.9782601594924927,0.9761629104614258,0.9743189215660095,0.979135274887085,0.980598509311676,0.984258234500885,0.9863609671592712,0.985433042049408,0.9900281429290771,0.9895889759063721,0.9895979762077332,0.9917708039283752,0.984567403793335,0.9846791625022888,0.9822422862052917,0.9847061634063721,0.9796534776687622,0.9878655672073364,0.9842715859413147,0.9832509160041809,0.97286057472229,0.9483211040496826,0.9794975519180298,0.9737403392791748,0.9791153073310852,0.9693045020103455,0.9658306241035461,0.9600027203559875,0.9769519567489624,0.9693604707717896,0.9664942026138306,0.9597369432449341,0.9448862075805664,0.399841845035553
4,5,ia,0.14748480916023254,0.9654327034950256,0.9413303732872009,0.9184969663619995,0.8459746241569519,0.791377604007721,0.9681881666183472,0.9378117322921753,0.94156414270401,0.9579612612724304,0.9578410387039185,0.9464036822319031,0.9521795511245728,0.9507682919502258,0.9483668804168701,0.923638105392456,0.9601846933364868,0.9603042006492615,0.9740521311759949,0.9720783829689026,0.9729514122009277,0.9754763841629028,0.9734625220298767,0.9757764339447021,0.9802428483963013,0.9823915362358093,0.9780867695808411,0.9765177965164185,0.9768588542938232,0.9799404740333557,0.973056972026825,0.9723972678184509,0.9639188647270203,0.9715743660926819,0.9717841148376465,0.9758224487304688,0.9780150055885315,0.9804321527481079,0.9822158813476562,0.9837713837623596,0.9830812215805054,0.9866707921028137,0.9818363785743713,0.9768292307853699,0.9711271524429321,0.9756075143814087,0.97299724817276,0.9797233939170837,0.9824922680854797,0.97655189037323,0.9690524935722351,0.9490547776222229,0.976064145565033,0.9744027853012085,0.9779661297798157,0.9645252823829651,0.9363660216331482,0.9710156917572021,0.9690350890159607,0.9461995363235474,0.9191709756851196,0.9079282879829407,0.8977166414260864,0.5285819172859192
4,6, è,0.1616673469543457,0.9624828100204468,0.9530120491981506,0.9373780488967896,0.944074809551239,0.9643137454986572,0.9707351326942444,0.9715121388435364,0.9348252415657043,0.9359623789787292,0.9642859101295471,0.9657266736030579,0.9112836718559265,0.9499949812889099,0.9513964653015137,0.9213436245918274,0.9366085529327393,0.9583733677864075,0.9685737490653992,0.9708861112594604,0.9676682353019714,0.9716654419898987,0.9708478450775146,0.9744579195976257,0.9818665385246277,0.9786681532859802,0.9711416959762573,0.9725870490074158,0.973218560218811,0.9708815217018127,0.9735957384109497,0.970900297164917,0.9539148211479187,0.9616693258285522,0.9672612547874451,0.9749860763549805,0.9708878397941589,0.9787710309028625,0.9828924536705017,0.9838775992393494,0.9853240847587585,0.9868978261947632,0.9849705696105957,0.984390377998352,0.979631781578064,0.9804188013076782,0.9756561517715454,0.9790602922439575,0.9794414043426514,0.9721110463142395,0.9743063449859619,0.950985312461853,0.9741455316543579,0.9779072999954224,0.9757370352745056,0.9699894785881042,0.9600033760070801,0.960572361946106,0.9724559783935547,0.9342052936553955,0.9276372790336609,0.9363216757774353,0.9174383282661438,0.5628762245178223
5,0,A,0.08961214870214462,0.9082393646240234,0.979176938533783,0.9584718942642212,0.586132287979126,0.9997290372848511,0.9998111724853516,0.9999995827674866,0.9999938011169434,0.9999997019767761,0.9999791979789734,0.9999997019767761,0.999993085861206,0.9999994039535522,0.9999989867210388,0.9999983310699463,0.9999994039535522,0.9999995827674866,0.9999997019767761,0.9999976754188538,0.9999992847442627,0.9999994039535522,0.999992847442627,0.9999992251396179,0.9999999403953552,0.9999994039535522,0.9999993443489075,0.9999987483024597,0.9999988079071045,0.9999995231628418,0.9999995231628418,0.999998927116394,0.9999980926513672,0.999992847442627,0.9999986886978149,0.999968945980072,0.9999979734420776,0.9999909996986389,0.999994695186615,0.9999940395355225,0.999994695186615,0.9999948143959045,0.9999964833259583,0.9999979138374329,0.9999991059303284,0.9999995231628418,0.999999463558197,0.9999992847442627,0.9999996423721313,0.9999969601631165,0.999998927116394,0.9999989867210388,0.9999986886978149,0.9999988079071045,0.9999988675117493,0.9999988079071045,0.9999942183494568,0.9999929070472717,0.9999812245368958,0.999919593334198,0.9986808896064758,0.999262273311615,0.9959306716918945,0.3292911946773529
5,1, capital,0.12884175777435303,0.9701352715492249,0.9675189852714539,0.9569104909896851,0.9210984706878662,0.9615398049354553,0.9669835567474365,0.9634347558021545,0.9439829587936401,0.9677026271820068,0.9614627957344055,0.9667374491691589,0.9653388857841492,0.96314936876297,0.970137894153595,0.9705913066864014,0.9774883389472961,0.9805219769477844,0.9824132919311523,0.9833059310913086,0.9850497245788574,0.9856277704238892,0.9859990477561951,0.9877013564109802,0.9886579513549805,0.9899535775184631,0.9881882667541504,0.985528290271759,0.9874539375305176,0.982579231262207,0.9734011888504028,0.9832199215888977,0.9796120524406433,0.9785483479499817,0.9851236939430237,0.9865201115608215,0.9903706312179565,0.9899464845657349,0.9918965101242065,0.9906777739524841,0.9894930124282837,0.9919452667236328,0.9892703294754028,0.9866369366645813,0.986072301864624,0.9872021079063416,0.9791335463523865,0.9896213412284851,0.9883283376693726,0.9480069875717163,0.9822046160697937,0.9414429664611816,0.9778043627738953,0.973551332950592,0.9732941389083862,0.9723110198974609,0.9772341847419739,0.9757615327835083,0.9781728982925415,0.9769556522369385,0.9733322858810425,0.9742439389228821,0.9513790011405945,0.3801475167274475
5,2, da,0.13883161544799805,0.9713726043701172,0.9215800762176514,0.9184879660606384,0.8732563257217407,0.9467521905899048,0.9282909631729126,0.9248587489128113,0.892599880695343,0.9333494305610657,0.9423853158950806,0.8932521939277649,0.9322977066040039,0.9559648633003235,0.9569358229637146,0.9527779221534729,0.9616487622261047,0.9738226532936096,0.9757178425788879,0.9749498963356018,0.9786593914031982,0.9823513627052307,0.9846088886260986,0.984180748462677,0.9869769811630249,0.9875422716140747,0.9783129692077637,0.9814532995223999,0.980198323726654,0.9809542894363403,0.9761353731155396,0.9804551601409912,0.9717267155647278,0.9802916646003723,0.9816665053367615,0.9821105003356934,0.984513521194458,0.9855654835700989,0.9869207739830017,0.9889320731163025,0.9909208416938782,0.9915366172790527,0.9857367873191833,0.986237108707428,0.9820047616958618,0.9831628799438477,0.9782967567443848,0.9794954061508179,0.965122401714325,0.966853678226471,0.9722009897232056,0.9614084959030151,0.9775848984718323,0.968616783618927,0.9744184613227844,0.9676916599273682,0.970180332660675,0.9687372446060181,0.9733806848526001,0.9741591811180115,0.9659872651100159,0.9645450711250305,0.9276373982429504,0.5089232325553894
5,3, Ale,0.11668508499860764,0.9727118611335754,0.9601989388465881,0.9038371443748474,0.9125664234161377,0.9252468347549438,0.9485571980476379,0.9073440432548523,0.9328187704086304,0.9716477394104004,0.9664190411567688,0.9671215415000916,0.9741822481155396,0.9705896377563477,0.9664387106895447,0.9629119038581848,0.977613091468811,0.9821206331253052,0.9838692545890808,0.9752883911132812,0.9828882217407227,0.9836212396621704,0.9827660322189331,0.983756959438324,0.9862178564071655,0.9859047532081604,0.985354483127594,0.9768798351287842,0.981570303440094,0.9837241768836975,0.977290689945221,0.9827637672424316,0.9723338484764099,0.9794365763664246,0.982983410358429,0.9814806580543518,0.9849583506584167,0.9846357107162476,0.9864802956581116,0.988993227481842,0.9910423159599304,0.9901918768882751,0.9851939678192139,0.9822306036949158,0.9826679825782776,0.9832056164741516,0.9818875193595886,0.9811419248580933,0.9824283719062805,0.9700417518615723,0.955676794052124,0.9465324878692627,0.9457287192344666,0.959245502948761,0.9554821252822876,0.954780638217926,0.9658828377723694,0.966713011264801,0.9662459492683411,0.9712483882904053,0.9668324589729309,0.9561015367507935,0.922701895236969,0.4889971613883972
5,4,man,0.14262934029102325,0.9730414152145386,0.9463045597076416,0.9254142642021179,0.8201024532318115,0.9081162214279175,0.9119974970817566,0.9019666314125061,0.9242057204246521,0.9572805166244507,0.9446123242378235,0.9433781504631042,0.9644233584403992,0.9592364430427551,0.9610103368759155,0.9645238518714905,0.9717575311660767,0.9765171408653259,0.9791171550750732,0.9723490476608276,0.9774048924446106,0.9823158383369446,0.9812172055244446,0.9864449501037598,0.9874429106712341,0.9854729175567627,0.9851149320602417,0.983521044254303,0.9847189784049988,0.9858290553092957,0.9739683270454407,0.9832730293273926,0.976627767086029,0.9786784052848816,0.9792587161064148,0.9833711981773376,0.9843029379844666,0.9849978685379028,0.9878975749015808,0.9889071583747864,0.987542986869812,0.9902531504631042,0.9855665564537048,0.9826287627220154,0.9854707717895508,0.9843855500221252,0.981054425239563,0.9861631989479065,0.9877007603645325,0.9831418395042419,0.9724128842353821,0.9524420499801636,0.9806554913520813,0.965599000453949,0.9761932492256165,0.9716139435768127,0.9586506485939026,0.9691305160522461,0.9682209491729736,0.9672036170959473,0.9526979923248291,0.9360203146934509,0.9127423167228699,0.4574243426322937
5,5,ha,0.11407230794429779,0.9743182063102722,0.9470595121383667,0.8975328207015991,0.8385951519012451,0.9095718860626221,0.9298918843269348,0.9632039070129395,0.9081770181655884,0.9389424920082092,0.9349497556686401,0.9411131739616394,0.9263259172439575,0.9287811517715454,0.9390991926193237,0.8996034860610962,0.9510653614997864,0.9539237022399902,0.9706172347068787,0.9708262085914612,0.9682751297950745,0.9767158031463623,0.9757526516914368,0.9734510183334351,0.9776203632354736,0.9789396524429321,0.9735260605812073,0.9732542037963867,0.9744407534599304,0.9744423627853394,0.9722514152526855,0.9687173962593079,0.9548401832580566,0.9642157554626465,0.966736912727356,0.9715067744255066,0.9665527939796448,0.9785807132720947,0.978415846824646,0.9805530905723572,0.979760468006134,0.9832520484924316,0.9796872735023499,0.9779514074325562,0.976944088935852,0.9711138606071472,0.9751501679420471,0.9762735962867737,0.9819990992546082,0.9744964838027954,0.9788337349891663,0.9652425646781921,0.9791449308395386,0.976772665977478,0.9813553690910339,0.9738040566444397,0.9678824543952942,0.9806685447692871,0.9784035086631775,0.9638981223106384,0.9516587853431702,0.9389662742614746,0.9050877094268799,0.5173210501670837
5,6, é,0.15267303586006165,0.9683107137680054,0.9603226184844971,0.928328275680542,0.9321491122245789,0.9506821632385254,0.9577834606170654,0.9660652279853821,0.956790030002594,0.9252064228057861,0.9623173475265503,0.9322649240493774,0.8992937207221985,0.9290560483932495,0.9361976981163025,0.9208210110664368,0.9415857195854187,0.9601744413375854,0.9699037075042725,0.9672237038612366,0.9646746516227722,0.9719346761703491,0.9703618288040161,0.9740424156188965,0.9770670533180237,0.9732308983802795,0.9615509510040283,0.9688149690628052,0.9705272912979126,0.965988278388977,0.9719191789627075,0.9684828519821167,0.9483226537704468,0.9555047750473022,0.9621897339820862,0.9719772338867188,0.9688854217529297,0.9769750833511353,0.9809855222702026,0.9805968999862671,0.9811185002326965,0.9827467799186707,0.9805706739425659,0.9780443906784058,0.9769866466522217,0.9805276989936829,0.974850058555603,0.9773282408714294,0.9785279631614685,0.9730731844902039,0.9760830402374268,0.9567386507987976,0.9752392768859863,0.9756951928138733,0.9733549952507019,0.9687014818191528,0.9692727327346802,0.9720156788825989,0.9732056260108948,0.9421547651290894,0.9395571947097778,0.9499421715736389,0.9161809682846069,0.5122707486152649
6,0,Ст,0.15764133632183075,0.9406485557556152,0.9350456595420837,0.8844477534294128,0.3736012279987335,0.9997199177742004,0.9998010396957397,0.9999992251396179,0.9999931454658508,0.9999996423721313,0.9999778270721436,0.9999997019767761,0.9999927878379822,0.999999463558197,0.9999990463256836,0.9999982714653015,0.9999994039535522,0.999999463558197,0.9999997615814209,0.9999977946281433,0.9999992251396179,0.9999995827674866,0.9999921917915344,0.9999991059303284,0.9999998807907104,0.999999463558197,0.9999995827674866,0.9999987483024597,0.9999988079071045,0.9999992847442627,0.9999995827674866,0.9999986886978149,0.9999979734420776,0.9999921917915344,0.9999985098838806,0.9999672174453735,0.9999978542327881,0.9999904036521912,0.9999943971633911,0.9999938607215881,0.9999940991401672,0.9999944567680359,0.9999964833259583,0.9999980926513672,0.999998927116394,0.999999463558197,0.999999463558197,0.9999993443489075,0.9999995827674866,0.9999967813491821,0.9999987483024597,0.999998927116394,0.9999985694885254,0.9999988079071045,0.999998927116394,0.9999984502792358,0.9999940395355225,0.9999925494194031,0.9999801516532898,0.9999260902404785,0.9987220764160156,0.9992899894714355,0.9968849420547485,0.32869166135787964
6,1,ол,0.1346127837896347,0.9669551253318787,0.9304329752922058,0.9010537266731262,0.771778404712677,0.8288131952285767,0.9214706420898438,0.945574939250946,0.9190671443939209,0.9653803706169128,0.964830219745636,0.9818289279937744,0.9778240323066711,0.977289617061615,0.9753698110580444,0.9770822525024414,0.9817910194396973,0.9836426377296448,0.9871394038200378,0.9826920032501221,0.9866288304328918,0.9886064529418945,0.991094708442688,0.9919019341468811,0.9940534830093384,0.9936397075653076,0.991628110408783,0.9900248050689697,0.9895183444023132,0.9912823438644409,0.9900521039962769,0.9912564754486084,0.9859722256660461,0.9883968234062195,0.9918644428253174,0.9868075251579285,0.9916455745697021,0.99044269323349,0.9907888770103455,0.9935219883918762,0.9952182769775391,0.9934534430503845,0.9928221702575684,0.9875661134719849,0.9878605008125305,0.9868071675300598,0.9875037670135498,0.9868471622467041,0.9763181805610657,0.9689390063285828,0.9768713116645813,0.929240345954895,0.9717097878456116,0.9634990692138672,0.976311206817627,0.9727228879928589,0.9767735600471497,0.9795663356781006,0.9780263900756836,0.9785772562026978,0.9810259342193604,0.9756693840026855,0.9504982233047485,0.30875372886657715
6,2,и,0.1201484426856041,0.9661970734596252,0.9169907569885254,0.8567731380462646,0.7960822582244873,0.8313325643539429,0.843879759311676,0.915625810623169,0.8435611724853516,0.9569146037101746,0.949158787727356,0.9687000513076782,0.9662882685661316,0.9596372246742249,0.9634556770324707,0.9603361487388611,0.9626477360725403,0.969603955745697,0.9793680906295776,0.9777687191963196,0.9792755246162415,0.9825907349586487,0.986735463142395,0.9872453212738037,0.9892791509628296,0.9873487949371338,0.9856423735618591,0.9839728474617004,0.9830566048622131,0.98667311668396,0.9819222688674927,0.9862375855445862,0.9793266654014587,0.9827468991279602,0.9813053607940674,0.9858150482177734,0.9856869578361511,0.9886298179626465,0.9907547831535339,0.9915491938591003,0.9915030598640442,0.9896759986877441,0.9872864484786987,0.9846217632293701,0.9817205667495728,0.9842192530632019,0.9818217158317566,0.9857352375984192,0.9814202189445496,0.9721066355705261,0.976251482963562,0.9452363848686218,0.9772910475730896,0.9600699543952942,0.9807241559028625,0.9722755551338196,0.9744858145713806,0.977016806602478,0.9705101251602173,0.9787476658821106,0.9753322601318359,0.9619802236557007,0.8961793780326843,0.3647353947162628
6,3,ца,0.13116484880447388,0.9698925614356995,0.941819965839386,0.8519912362098694,0.8363534808158875,0.7853777408599854,0.8414639830589294,0.9464117288589478,0.8558294773101807,0.9444459080696106,0.94073086977005,0.9640651345252991,0.960314154624939,0.955456554889679,0.9645171761512756,0.9632658362388611,0.9622140526771545,0.9747615456581116,0.9796945452690125,0.9805435538291931,0.9806758165359497,0.9829139709472656,0.9863536953926086,0.9857978224754333,0.988527774810791,0.9886813163757324,0.9860190749168396,0.9833924770355225,0.9817089438438416,0.983687698841095,0.9787870049476624,0.9849156141281128,0.9771886467933655,0.9830825328826904,0.9827076196670532,0.9842270016670227,0.9849550127983093,0.9858412146568298,0.9879974126815796,0.9895214438438416,0.9900189638137817,0.9906166195869446,0.9880000948905945,0.9864235520362854,0.9820665717124939,0.9844585657119751,0.980076014995575,0.982627272605896,0.9772420525550842,0.9717628359794617,0.9814881086349487,0.9667490720748901,0.9824318885803223,0.9814543128013611,0.9802278876304626,0.9849533438682556,0.9830098152160645,0.9826154112815857,0.9840902090072632,0.9832213521003723,0.9775637984275818,0.9755229353904724,0.9353207349777222,0.3748442530632019
6,4, Г,0.10708554089069366,0.9588695764541626,0.9592476487159729,0.9392469525337219,0.9441882371902466,0.9683480262756348,0.974902868270874,0.9713829159736633,0.944419801235199,0.9685726165771484,0.9616368412971497,0.9349042773246765,0.9676379561424255,0.9572453498840332,0.959307074546814,0.9582741856575012,0.9710894227027893,0.9741332530975342,0.9792283177375793,0.9748404622077942,0.9757031202316284,0.9800928831100464,0.9785187244415283,0.9842754602432251,0.983086347579956,0.9856048822402954,0.982235848903656,0.9707418084144592,0.9785916805267334,0.9744502305984497,0.9554499983787537,0.9670975208282471,0.9645501971244812,0.9701135158538818,0.9743863940238953,0.9783210158348083,0.9784936308860779,0.9832220077514648,0.9851663708686829,0.9877002239227295,0.9869661331176758,0.9868422150611877,0.98369961977005,0.9788760542869568,0.9820334911346436,0.983547568321228,0.9787281155586243,0.9803568124771118,0.9726946353912354,0.9567928314208984,0.9737440347671509,0.9568620324134827,0.9762431383132935,0.9730299115180969,0.9759706854820251,0.9576655030250549,0.9620214104652405,0.9675437211990356,0.9713895916938782,0.9754805564880371,0.9713648557662964,0.9620548486709595,0.8787723779678345,0.34664931893348694
6,5,ер,0.09484563767910004,0.9607177376747131,0.9319005012512207,0.9157434701919556,0.8880224823951721,0.8294117450714111,0.9608526825904846,0.9569168090820312,0.9313936829566956,0.959621012210846,0.9513817429542542,0.9601200222969055,0.9586896300315857,0.9585584998130798,0.9643656611442566,0.9718051552772522,0.9759279489517212,0.9810205101966858,0.982879102230072,0.9767277836799622,0.9796465635299683,0.9840510487556458,0.9845524430274963,0.9866068363189697,0.9846753478050232,0.9857056140899658,0.9825623035430908,0.9810806512832642,0.9846317768096924,0.9843001365661621,0.9762894511222839,0.9799065589904785,0.9707008004188538,0.97810298204422,0.9788204431533813,0.9824957251548767,0.9823935627937317,0.9844270348548889,0.9868318438529968,0.9896013736724854,0.9903853535652161,0.9892723560333252,0.9857127666473389,0.982185959815979,0.984388530254364,0.983782172203064,0.9811253547668457,0.9828652739524841,0.9806337356567383,0.9640281796455383,0.9685287475585938,0.9430872797966003,0.9693454504013062,0.9382429122924805,0.9621919393539429,0.9553712606430054,0.9680559039115906,0.9669735431671143,0.9639236927032471,0.9690983295440674,0.968165397644043,0.9631572961807251,0.9408653974533081,0.3418569564819336
6,6,м,0.10581737011671066,0.9569637775421143,0.9010149240493774,0.9087941646575928,0.7771049737930298,0.9359502792358398,0.9653723239898682,0.9091290831565857,0.9151455760002136,0.9614329934120178,0.9287785291671753,0.954625129699707,0.9617857336997986,0.9575334191322327,0.9579822421073914,0.9578391909599304,0.9710635542869568,0.9774681925773621,0.9782359004020691,0.9704793095588684,0.9732267260551453,0.9784517884254456,0.9816697239875793,0.9884573221206665,0.9854755997657776,0.9870666265487671,0.9842920899391174,0.9814702868461609,0.9850755929946899,0.9865168333053589,0.9777590036392212,0.9786797165870667,0.9742293357849121,0.9813648462295532,0.9808987379074097,0.983157217502594,0.9838427901268005,0.985003650188446,0.9884396195411682,0.9887809753417969,0.986388623714447,0.9892095327377319,0.987146258354187,0.9829497337341309,0.9855736494064331,0.9845613241195679,0.981701135635376,0.9871466159820557,0.9868723154067993,0.9808454513549805,0.9813143610954285,0.9652518630027771,0.983738899230957,0.9772564172744751,0.9827343225479126,0.9730890989303589,0.9725715517997742,0.968841016292572,0.9604000449180603,0.9767247438430786,0.9322307705879211,0.9620869159698486,0.9244458675384521,0.2885240912437439
6,7,ании,0.0998101606965065,0.9576778411865234,0.9144868850708008,0.9058644771575928,0.8113892078399658,0.9255678653717041,0.954197108745575,0.9595865607261658,0.9461163878440857,0.9553213119506836,0.9378475546836853,0.9323425889015198,0.9265289306640625,0.9273589849472046,0.9367435574531555,0.8812466859817505,0.9454329013824463,0.955405592918396,0.9694842100143433,0.9701258540153503,0.972039520740509,0.9754824042320251,0.9798696041107178,0.9790048599243164,0.9792407155036926,0.9809897541999817,0.9725496768951416,0.9758365154266357,0.973305344581604,0.9754258394241333,0.9715957641601562,0.9693045616149902,0.9544838070869446,0.9692786335945129,0.968227744102478,0.9722104668617249,0.9708440899848938,0.9811621308326721,0.980480968952179,0.9834029078483582,0.9836188554763794,0.9867820143699646,0.9809119701385498,0.9821885824203491,0.9796625375747681,0.9759135842323303,0.9768012762069702,0.9796977043151855,0.9792684316635132,0.9747127294540405,0.9797304272651672,0.9599111080169678,0.9781743884086609,0.9822461009025574,0.9747167825698853,0.9778883457183838,0.9699802994728088,0.9801570177078247,0.9792606830596924,0.9577918648719788,0.9440072178840637,0.9627770185470581,0.9054858684539795,0.4575518071651459
6,8, —,0.16939674317836761,0.9528818130493164,0.9703190922737122,0.9278857707977295,0.934175968170166,0.9760077595710754,0.8733192086219788,0.9746323227882385,0.9679868221282959,0.9589713215827942,0.9556170105934143,0.9541791677474976,0.9478029012680054,0.9527946710586548,0.9609843492507935,0.9420644640922546,0.9547001123428345,0.9658711552619934,0.9750484228134155,0.9725751280784607,0.9755682349205017,0.977624773979187,0.9745850563049316,0.9772306680679321,0.9807509183883667,0.9836989641189575,0.9798974990844727,0.9724540710449219,0.9755580425262451,0.9754126667976379,0.968618631362915,0.96040278673172,0.9611924290657043,0.9700712561607361,0.9761084914207458,0.9760098457336426,0.9757347106933594,0.9815733432769775,0.9858297109603882,0.9836214184761047,0.9842443466186523,0.988815188407898,0.9846223592758179,0.9788738489151001,0.9786216020584106,0.9797216653823853,0.9687000513076782,0.969262957572937,0.9775723218917847,0.962754487991333,0.9779485464096069,0.9688006043434143,0.9738491773605347,0.9866849780082703,0.9808405041694641,0.9816014170646667,0.9761149883270264,0.9840859770774841,0.9824954271316528,0.9708291888237,0.9550839066505432,0.9684951901435852,0.9174142479896545,0.4136078357696533
7,0,ドイツ,0.14862090349197388,0.9397910833358765,0.950094997882843,0.8870941996574402,0.18220902979373932,0.9996623396873474,0.9997949600219727,0.9999992847442627,0.9999933242797852,0.9999996423721313,0.9999776482582092,0.9999997019767761,0.9999926686286926,0.9999995827674866,0.9999990463256836,0.9999982118606567,0.9999993443489075,0.999999463558197,0.9999997019767761,0.9999978542327881,0.9999994039535522,0.9999997019767761,0.9999922513961792,0.9999991059303284,0.9999997615814209,0.999999463558197,0.9999994039535522,0.9999987483024597,0.9999986886978149,0.9999991655349731,0.9999995827674866,0.9999988675117493,0.9999977350234985,0.9999921321868896,0.9999986290931702,0.9999669790267944,0.9999979138374329,0.9999902844429016,0.9999943375587463,0.9999935626983643,0.9999942183494568,0.9999942779541016,0.9999964237213135,0.9999980926513672,0.9999988079071045,0.9999994039535522,0.999999463558197,0.999999463558197,0.9999995827674866,0.9999967217445374,0.9999988079071045,0.9999988675117493,0.9999985694885254,0.9999986886978149,0.999998927116394,0.9999984502792358,0.9999938011169434,0.9999922513961792,0.9999796748161316,0.9999270439147949,0.9987151026725769,0.9992609024047852,0.9967441558837891,0.32582348585128784
7,1,の,0.1322401463985443,0.9533244371414185,0.9666492938995361,0.928528368473053,0.842938244342804,0.9610777497291565,0.9732950925827026,0.975898027420044,0.9403142333030701,0.9696888327598572,0.9667245149612427,0.9697979092597961,0.9745432138442993,0.9753556251525879,0.9732127785682678,0.9744815826416016,0.9781712889671326,0.9833351373672485,0.9829355478286743,0.9845512509346008,0.9859484434127808,0.9899130463600159,0.991984486579895,0.9927973747253418,0.9923491477966309,0.9924759864807129,0.9912337064743042,0.9879846572875977,0.9897167086601257,0.9894203543663025,0.987890899181366,0.9907956719398499,0.9834839105606079,0.986079752445221,0.9903544783592224,0.986417293548584,0.9898557066917419,0.9910739064216614,0.9921448230743408,0.9931145906448364,0.9945755004882812,0.994027316570282,0.9905139207839966,0.9859988689422607,0.9860049486160278,0.9816210865974426,0.9846810102462769,0.9866641759872437,0.9874042272567749,0.9785459637641907,0.9811714887619019,0.9753897786140442,0.9805906414985657,0.9866381883621216,0.9877288341522217,0.9841369390487671,0.9849779009819031,0.9875311255455017,0.983931303024292,0.9829370975494385,0.9635924696922302,0.9638698697090149,0.9249573349952698,0.4384857416152954
7,2,首都,0.13371588289737701,0.970096230506897,0.9633046984672546,0.8813465237617493,0.9332379698753357,0.9758656620979309,0.9564617276191711,0.9771780371665955,0.9025800824165344,0.9410313963890076,0.9412826895713806,0.9534227848052979,0.956869900226593,0.9677770733833313,0.9657702445983887,0.96513831615448,0.954133152961731,0.9713249802589417,0.9780279397964478,0.980537474155426,0.9812259674072266,0.9838140606880188,0.9837563037872314,0.9852119088172913,0.9862833023071289,0.9858040809631348,0.9781576991081238,0.98038250207901,0.9781179428100586,0.9805926084518433,0.9811135530471802,0.9839178323745728,0.9679543375968933,0.9805153608322144,0.9806589484214783,0.9819735288619995,0.9837208390235901,0.9868490099906921,0.9868143796920776,0.9883158802986145,0.9886417388916016,0.9908204078674316,0.9849733114242554,0.9850754141807556,0.9848425984382629,0.9853167533874512,0.9810532927513123,0.9847316741943359,0.9805724024772644,0.9742869138717651,0.9759249687194824,0.9659716486930847,0.9788614511489868,0.9813560247421265,0.9774054884910583,0.965406060218811,0.969767689704895,0.9762452840805054,0.966272234916687,0.9465842843055725,0.9079516530036926,0.9362971782684326,0.8983930945396423,0.5482072830200195
7,3,は,0.1327943205833435,0.963351845741272,0.9629039764404297,0.9512646794319153,0.9256798624992371,0.9494345188140869,0.9747222065925598,0.9833059906959534,0.9612094163894653,0.9570482969284058,0.9712129235267639,0.9592892527580261,0.9183046817779541,0.9614275097846985,0.9587023854255676,0.9496926069259644,0.9436318874359131,0.9569670557975769,0.9661419987678528,0.9675700068473816,0.9652865529060364,0.9750702977180481,0.975619912147522,0.9787420034408569,0.9796265959739685,0.9777335524559021,0.9702354669570923,0.9657725691795349,0.9764561653137207,0.9738134741783142,0.9751447439193726,0.969496488571167,0.9537030458450317,0.9577568173408508,0.9674258828163147,0.9764801859855652,0.971976101398468,0.9809694886207581,0.9825719594955444,0.9836803078651428,0.9850687980651855,0.9873492121696472,0.9829105734825134,0.9750757813453674,0.9798651337623596,0.9801316261291504,0.9764554500579834,0.9766753315925598,0.9777901768684387,0.9696592092514038,0.9770561456680298,0.9589329361915588,0.9722303748130798,0.9766230583190918,0.9813618063926697,0.9693073034286499,0.9746617674827576,0.978294849395752,0.9751681089401245,0.9447401762008667,0.9462258219718933,0.9548458456993103,0.9317063093185425,0.4924789369106293
8,0,德国,0.12485027313232422,0.9030937552452087,0.9629887938499451,0.9172871112823486,0.33287763595581055,0.9996630549430847,0.9997738599777222,0.999997615814209,0.9999968409538269,0.9999977350234985,0.9999830722808838,0.9999995827674866,0.9999915957450867,0.9999993443489075,0.9999990463256836,0.9999979734420776,0.9999991655349731,0.9999992251396179,0.9999995827674866,0.9999972581863403,0.9999990463256836,0.9999995827674866,0.9999976754188538,0.9999988079071045,0.9999997615814209,0.9999994039535522,0.9999994039535522,0.9999986290931702,0.9999987483024597,0.9999991655349731,0.9999992251396179,0.9999984502792358,0.9999974370002747,0.9999913573265076,0.9999982118606567,0.9999614953994751,0.9999974370002747,0.9999892115592957,0.9999937415122986,0.9999926686286926,0.9999935030937195,0.9999933838844299,0.9999956488609314,0.999998152256012,0.9999986290931702,0.9999992847442627,0.9999995231628418,0.9999992251396179,0.9999992251396179,0.9999966025352478,0.9999986886978149,0.9999986886978149,0.9999985694885254,0.9999985694885254,0.9999986886978149,0.9999983906745911,0.999992847442627,0.9999914169311523,0.9999771118164062,0.9999441504478455,0.9986124634742737,0.9991904497146606,0.9961705207824707,0.29435327649116516
8,1,的,0.09716462343931198,0.9454315304756165,0.9641336798667908,0.9365295171737671,0.8103829026222229,0.9525942802429199,0.9811329245567322,0.9844930768013,0.9639416933059692,0.9677178263664246,0.9745480418205261,0.9765374660491943,0.9715985059738159,0.9762946963310242,0.9728265404701233,0.9743157029151917,0.9747961163520813,0.981629490852356,0.9818248748779297,0.9841166734695435,0.9862319231033325,0.9867386817932129,0.987679123878479,0.9896345734596252,0.9922739863395691,0.9909301400184631,0.9900609254837036,0.9890337586402893,0.9886019825935364,0.9881248474121094,0.9864484667778015,0.989284336566925,0.9802241325378418,0.9859481453895569,0.9893044233322144,0.988007128238678,0.9900997281074524,0.9898778796195984,0.9918537139892578,0.9925195574760437,0.9945166707038879,0.992986798286438,0.990079402923584,0.9897118210792542,0.9879727959632874,0.9876438975334167,0.9858249425888062,0.9858437180519104,0.9873470664024353,0.9762021899223328,0.9810226559638977,0.9709947109222412,0.9822374582290649,0.9871289134025574,0.9868332147598267,0.9836061596870422,0.9857773780822754,0.9860502481460571,0.9877359867095947,0.9856076240539551,0.9776654243469238,0.9799785614013672,0.9524281620979309,0.3595803380012512
8,2,首,0.11812017858028412,0.9611800312995911,0.9654411673545837,0.9602748155593872,0.8977546095848083,0.9771806001663208,0.9787988662719727,0.9770727157592773,0.9481565356254578,0.9482924938201904,0.9632866978645325,0.9711596965789795,0.9472769498825073,0.959889829158783,0.963891863822937,0.9688308238983154,0.9675906896591187,0.9765206575393677,0.9800366759300232,0.9799984693527222,0.9811850786209106,0.9817131161689758,0.9793686270713806,0.977737545967102,0.9816961288452148,0.9795066714286804,0.9745956063270569,0.9802693724632263,0.9772022366523743,0.9716576933860779,0.9731529951095581,0.9737021327018738,0.9587721228599548,0.9647679924964905,0.9700531959533691,0.9759008288383484,0.9741595983505249,0.9801216721534729,0.9809263944625854,0.982534646987915,0.9856562614440918,0.988595724105835,0.9850966930389404,0.9847378730773926,0.9840967059135437,0.9855550527572632,0.987714946269989,0.9853405952453613,0.9625823497772217,0.972796618938446,0.9688743948936462,0.9475960731506348,0.9734979271888733,0.9733886122703552,0.9762646555900574,0.9804331064224243,0.9801162481307983,0.9840325713157654,0.9768484830856323,0.977015495300293,0.9644835591316223,0.9592199325561523,0.9489011764526367,0.37026965618133545
8,3,都是,0.1336076408624649,0.9715865254402161,0.9339682459831238,0.859318733215332,0.802767276763916,0.9240374565124512,0.9381871223449707,0.9617586731910706,0.8958417773246765,0.9395696520805359,0.9311370253562927,0.9477725625038147,0.9483758807182312,0.9538702964782715,0.9541549682617188,0.9500633478164673,0.9460737109184265,0.9624127149581909,0.9711360335350037,0.9710403680801392,0.9707167744636536,0.9753040075302124,0.9712082743644714,0.9766826629638672,0.9790575504302979,0.9751460552215576,0.9745548367500305,0.9786906242370605,0.9717692136764526,0.9741491079330444,0.9762004613876343,0.9764713048934937,0.9566636085510254,0.9730416536331177,0.9733282923698425,0.9752090573310852,0.9734849333763123,0.9787034392356873,0.9804564714431763,0.9845131635665894,0.9851617813110352,0.9851714372634888,0.9794310331344604,0.9765427708625793,0.9767850041389465,0.9819751381874084,0.9821820855140686,0.981354296207428,0.9783796668052673,0.9738736152648926,0.9780064821243286,0.9678896069526672,0.9749832153320312,0.9760890603065491,0.9775245189666748,0.9798122048377991,0.9742072820663452,0.9758660793304443,0.9806739091873169,0.9744019508361816,0.9712780117988586,0.9669772982597351,0.9569903612136841,0.3755224049091339
9,0,독,0.10329996049404144,0.9465752243995667,0.9417468309402466,0.8410954475402832,0.156531423330307,0.9996272325515747,0.9997542500495911,0.9999977350234985,0.999993622303009,0.9999978542327881,0.9999829530715942,0.9999997615814209,0.999991774559021,0.9999995231628418,0.9999991655349731,0.999997615814209,0.9999991655349731,0.9999995231628418,0.9999995827674866,0.9999973773956299,0.9999991655349731,0.9999994039535522,0.9999909996986389,0.9999988079071045,0.9999998211860657,0.9999995827674866,0.9999995231628418,0.9999985098838806,0.9999985694885254,0.999998927116394,0.9999993443489075,0.9999985694885254,0.9999976754188538,0.9999911785125732,0.9999983906745911,0.9999622702598572,0.9999972581863403,0.9999896287918091,0.9999938011169434,0.999992847442627,0.999993622303009,0.9999938011169434,0.9999955892562866,0.9999982118606567,0.9999986290931702,0.9999994039535522,0.999999463558197,0.9999992251396179,0.9999994039535522,0.9999967813491821,0.9999988079071045,0.9999983906745911,0.9999985098838806,0.9999985098838806,0.9999985694885254,0.9999983906745911,0.9999930262565613,0.9999914169311523,0.9999774694442749,0.9999423027038574,0.9985774755477905,0.9991522431373596,0.9970200657844543,0.3175305128097534
9,1,일,0.15644106268882751,0.9578883051872253,0.9138822555541992,0.8907961249351501,0.8692399263381958,0.9304760098457336,0.9368560314178467,0.9629212617874146,0.8783212304115295,0.9526127576828003,0.9636847972869873,0.9719545841217041,0.9791613817214966,0.9733841419219971,0.9747173190116882,0.975960910320282,0.9792303442955017,0.9871723651885986,0.9857878088951111,0.9857125878334045,0.9876969456672668,0.989808976650238,0.9922265410423279,0.9921146631240845,0.9904570579528809,0.9892764091491699,0.991814136505127,0.9910247325897217,0.9921683669090271,0.9919784069061279,0.990287184715271,0.9905990362167358,0.984991192817688,0.989193856716156,0.9908551573753357,0.9870373606681824,0.9896517395973206,0.9917024970054626,0.9934958219528198,0.9931648373603821,0.9920435547828674,0.990602433681488,0.9902765154838562,0.9868730902671814,0.9871722459793091,0.9910929799079895,0.9878673553466797,0.9883394837379456,0.9897975921630859,0.982626736164093,0.9831522703170776,0.9690902233123779,0.9800972938537598,0.9839117527008057,0.9880452752113342,0.9859557151794434,0.9845907092094421,0.9884054064750671,0.9875358939170837,0.9614929556846619,0.9731090664863586,0.9630851745605469,0.9362494349479675,0.4573112726211548
9,2,의,0.13179413974285126,0.9658403396606445,0.9594806432723999,0.878777265548706,0.9105340242385864,0.9677324891090393,0.9715287089347839,0.9782678484916687,0.9509203433990479,0.945427417755127,0.9497391581535339,0.9483857154846191,0.9571964740753174,0.9591287970542908,0.96382075548172,0.9624460935592651,0.9627404808998108,0.9771928787231445,0.9807668328285217,0.9817694425582886,0.9847582578659058,0.9847249388694763,0.9867150783538818,0.9873782992362976,0.9876238107681274,0.9828739762306213,0.9847398996353149,0.9813531637191772,0.984570324420929,0.9800815582275391,0.9785961508750916,0.9814121127128601,0.9688955545425415,0.9801753163337708,0.9800713062286377,0.9822607040405273,0.9840441346168518,0.983562707901001,0.9856805205345154,0.987599790096283,0.9871867299079895,0.9880026578903198,0.9867449998855591,0.9810665249824524,0.9807574152946472,0.9723610281944275,0.9842149019241333,0.9829761385917664,0.9858435988426208,0.976493775844574,0.9799809455871582,0.9689105153083801,0.9831449389457703,0.9877959489822388,0.9891268610954285,0.986075758934021,0.9867917895317078,0.9909863471984863,0.9890428185462952,0.9623058438301086,0.9829921722412109,0.9684920907020569,0.9410607814788818,0.4606674313545227
9,3, 수도,0.1532100886106491,0.9746501445770264,0.9604915380477905,0.945309042930603,0.931435763835907,0.9026390910148621,0.9600245356559753,0.9707261323928833,0.8844327926635742,0.9557289481163025,0.9621008634567261,0.9620994925498962,0.966269314289093,0.9711130857467651,0.975419282913208,0.9671481847763062,0.9665824770927429,0.9759271144866943,0.9803962707519531,0.9812520146369934,0.9838409423828125,0.9849640727043152,0.986164927482605,0.986607551574707,0.9878636002540588,0.9840797185897827,0.9795684218406677,0.9826578497886658,0.980236828327179,0.9825938940048218,0.9793965220451355,0.9801356792449951,0.9702539443969727,0.9788403511047363,0.9785985350608826,0.9796150922775269,0.9812347888946533,0.9865294694900513,0.9856696128845215,0.9868347644805908,0.9871547222137451,0.9881557822227478,0.984760582447052,0.9838294386863708,0.9824668169021606,0.9806317687034607,0.9820765256881714,0.9839687943458557,0.9805559515953064,0.9743170738220215,0.9761680364608765,0.9535905718803406,0.9765519499778748,0.9789398312568665,0.9763414859771729,0.9608563184738159,0.9645727872848511,0.9739124774932861,0.9685799479484558,0.9152675271034241,0.9116259813308716,0.9402498602867126,0.9072389602661133,0.6026360392570496
9,4,는,0.16676387190818787,0.9653065800666809,0.9463260173797607,0.9378601908683777,0.9322189092636108,0.9500617384910583,0.973132312297821,0.9740577936172485,0.9515084028244019,0.9380670189857483,0.9579312205314636,0.9439136385917664,0.9015991687774658,0.9456731081008911,0.9506988525390625,0.9190014004707336,0.9355530142784119,0.9525052905082703,0.9658306241035461,0.9651312828063965,0.9671589136123657,0.9725796580314636,0.9608191251754761,0.9715449810028076,0.9765154123306274,0.9736541509628296,0.9708092212677002,0.9643163084983826,0.9759951233863831,0.9730324745178223,0.9714236855506897,0.9659102559089661,0.9472091197967529,0.9533467292785645,0.9656429290771484,0.9733955264091492,0.9692661762237549,0.9784542322158813,0.9802684783935547,0.9810090661048889,0.9820598363876343,0.984673798084259,0.9811727404594421,0.9707639217376709,0.9797269701957703,0.9784916639328003,0.9766954183578491,0.9746659994125366,0.977706789970398,0.9675131440162659,0.9762455821037292,0.9452806115150452,0.9733524918556213,0.9732966423034668,0.9765622615814209,0.9671034812927246,0.9594331979751587,0.9750310778617859,0.9755874276161194,0.9467416405677795,0.9468154907226562,0.9580392241477966,0.9355209469795227,0.5230066776275635
10,0,Ho,0.13160519301891327,0.9341349601745605,0.9484712481498718,0.8913735151290894,0.4185332655906677,0.9997206926345825,0.9997992515563965,0.9999994039535522,0.9999935030937195,0.9999995827674866,0.9999791979789734,0.9999997615814209,0.9999933242797852,0.9999995827674866,0.9999992847442627,0.9999982714653015,0.999999463558197,0.9999995231628418,0.9999997019767761,0.9999978542327881,0.9999991655349731,0.9999997019767761,0.9999926686286926,0.9999992847442627,0.9999998807907104,0.9999996423721313,0.9999995231628418,0.9999987483024597,0.9999989867210388,0.9999991655349731,0.9999995827674866,0.9999988675117493,0.9999980926513672,0.9999927878379822,0.9999985098838806,0.9999688863754272,0.9999976754188538,0.9999909400939941,0.9999946355819702,0.9999939799308777,0.9999945759773254,0.9999946355819702,0.9999963045120239,0.9999982118606567,0.999998927116394,0.9999994039535522,0.9999994039535522,0.9999994039535522,0.9999994039535522,0.9999969005584717,0.9999988675117493,0.9999988675117493,0.9999988675117493,0.9999988079071045,0.9999989867210388,0.9999987483024597,0.9999939203262329,0.9999930262565613,0.9999806880950928,0.9999287128448486,0.9987845420837402,0.9992688298225403,0.9961302280426025,0.32994285225868225
10,1,of,0.1405763179063797,0.9606882333755493,0.8797784447669983,0.8763290047645569,0.806376039981842,0.8795996904373169,0.9612126350402832,0.9340577721595764,0.8984704613685608,0.9517390727996826,0.9656202793121338,0.981269121170044,0.9713883399963379,0.9730820655822754,0.9786548614501953,0.972226083278656,0.968706488609314,0.9839444756507874,0.984626829624176,0.985994279384613,0.9895185232162476,0.9898838400840759,0.9908202290534973,0.9920735359191895,0.9934105277061462,0.9938071370124817,0.992572546005249,0.990263044834137,0.9913792610168457,0.9921395778656006,0.9916816353797913,0.9921880960464478,0.9850972890853882,0.9908024072647095,0.9900085926055908,0.9913175702095032,0.9924981594085693,0.9917232394218445,0.9939045310020447,0.9939317107200623,0.994979739189148,0.9937577843666077,0.990623950958252,0.9883808493614197,0.9882868528366089,0.987797200679779,0.9914248585700989,0.9853160381317139,0.9898428320884705,0.9745601415634155,0.9612612724304199,0.9748543500900269,0.9839270114898682,0.96920245885849,0.9737401604652405,0.9679551720619202,0.9804186820983887,0.980317234992981,0.9796628355979919,0.9825149774551392,0.9819887280464172,0.9691288471221924,0.9514608383178711,0.36782875657081604
10,2,dst,0.12153983116149902,0.960275411605835,0.9203150868415833,0.865594208240509,0.8262180685997009,0.825541079044342,0.884712815284729,0.9340489506721497,0.9382954835891724,0.9554827213287354,0.9691262245178223,0.9731690287590027,0.9718578457832336,0.9724209904670715,0.9724566340446472,0.9658504128456116,0.9739338159561157,0.9842026829719543,0.9853459596633911,0.9827865958213806,0.9777103066444397,0.9863466024398804,0.9891554117202759,0.9907914400100708,0.9900714159011841,0.9914913773536682,0.9879366755485535,0.9862511157989502,0.9889597296714783,0.9872889518737793,0.9869930744171143,0.9862306714057922,0.9761964678764343,0.9809607267379761,0.9822896718978882,0.9825314283370972,0.980965793132782,0.9851435422897339,0.9904891848564148,0.9911400675773621,0.9889630079269409,0.992962658405304,0.9878909587860107,0.9854825735092163,0.9804080724716187,0.9823721051216125,0.9827642440795898,0.9849901795387268,0.9692398309707642,0.9621167778968811,0.9732903838157654,0.9448875784873962,0.9661921262741089,0.9618396759033203,0.9444411993026733,0.9658686518669128,0.9659765958786011,0.9724565744400024,0.9496347904205322,0.9402657747268677,0.9339883923530579,0.9055398106575012,0.8670892715454102,0.5796653628349304
10,3,ad,0.14348448812961578,0.9675460457801819,0.8846818208694458,0.7406087517738342,0.8444011211395264,0.8568381667137146,0.9121677279472351,0.9398775100708008,0.9107914566993713,0.9549922943115234,0.9616428017616272,0.9336889982223511,0.9514014720916748,0.9506912231445312,0.950687825679779,0.9540287852287292,0.957808256149292,0.967339038848877,0.9718630313873291,0.9709525108337402,0.9733068346977234,0.9775266051292419,0.980376124382019,0.9803511500358582,0.9793469309806824,0.97914057970047,0.9785502552986145,0.9722945690155029,0.9780473113059998,0.9778316617012024,0.9794462323188782,0.9735198616981506,0.9585152268409729,0.9701828360557556,0.971768856048584,0.9772642254829407,0.9764320254325867,0.9804480075836182,0.9815148115158081,0.9814325571060181,0.9859796762466431,0.9879812002182007,0.9832326769828796,0.9811971783638,0.9791784882545471,0.9794715046882629,0.9827004671096802,0.9817789793014526,0.9796748161315918,0.9785823225975037,0.9794933795928955,0.9613194465637207,0.9807040095329285,0.9823136925697327,0.9823382496833801,0.9847800731658936,0.9738005995750427,0.98503178358078,0.9787982106208801,0.9803280234336853,0.971045970916748,0.958484947681427,0.9388635158538818,0.3536815047264099
10,4, van,0.13987377285957336,0.9574184417724609,0.9469923377037048,0.9290941953659058,0.8932662010192871,0.9639890789985657,0.9422497749328613,0.9656192064285278,0.9181957840919495,0.908841073513031,0.9439693093299866,0.9221205711364746,0.8960500955581665,0.9341982007026672,0.9262436032295227,0.904498815536499,0.9434716701507568,0.9640642404556274,0.9683932662010193,0.9732490181922913,0.9729579091072083,0.9740058183670044,0.9703528881072998,0.9753654599189758,0.978156566619873,0.979364812374115,0.9698266386985779,0.9666044116020203,0.9740678668022156,0.9655431509017944,0.9661329984664917,0.9662813544273376,0.9326623678207397,0.9522505402565002,0.9625695943832397,0.9694980978965759,0.9697708487510681,0.9719699025154114,0.9745088815689087,0.9822048544883728,0.9813249707221985,0.9857354760169983,0.9791736602783203,0.979615330696106,0.9768674373626709,0.9773222804069519,0.9723881483078003,0.9718347191810608,0.966820478439331,0.9614011645317078,0.9663055539131165,0.9656656980514526,0.9749664068222046,0.980127215385437,0.9669189453125,0.9745326638221741,0.9655728936195374,0.9556073546409607,0.9576560258865356,0.9591954946517944,0.9335740804672241,0.9354326128959656,0.9041805267333984,0.5591777563095093
10,5, D,0.11497564613819122,0.9622964262962341,0.9547176957130432,0.9243047833442688,0.9324254989624023,0.9615448117256165,0.9534714818000793,0.9256860613822937,0.9293810725212097,0.9734748601913452,0.961050271987915,0.9640200734138489,0.9719098806381226,0.9611025452613831,0.9555026292800903,0.9601725339889526,0.9709587097167969,0.9745340943336487,0.9714022278785706,0.9710028767585754,0.9756383299827576,0.9704328179359436,0.9703881144523621,0.977756142616272,0.9803831577301025,0.9852199554443359,0.978833794593811,0.9606674313545227,0.9716289639472961,0.9678056240081787,0.9694230556488037,0.9677462577819824,0.9613344073295593,0.9748442769050598,0.97280353307724,0.9725011587142944,0.9818094372749329,0.9763787984848022,0.9849036931991577,0.9857894778251648,0.986296534538269,0.9874150156974792,0.9832269549369812,0.9785206317901611,0.9762769341468811,0.9809937477111816,0.9841683506965637,0.9836874604225159,0.9776266813278198,0.9737657904624939,0.967357337474823,0.9652915596961975,0.978256344795227,0.9655203223228455,0.9770663976669312,0.9537304639816284,0.9608301520347595,0.96207195520401,0.9651170372962952,0.9562377333641052,0.9336791634559631,0.9129794239997864,0.8360422253608704,0.581180214881897
10,6,uits,0.09151938557624817,0.9683127403259277,0.9419353604316711,0.8896058797836304,0.8554590940475464,0.8181938529014587,0.9004464745521545,0.9326263666152954,0.9000616669654846,0.9674289226531982,0.9456793665885925,0.9407803416252136,0.960871696472168,0.9489397406578064,0.9531433582305908,0.9578543305397034,0.9635389447212219,0.9780532121658325,0.9776342511177063,0.9752810001373291,0.9799709320068359,0.9737487435340881,0.9822677373886108,0.9854472875595093,0.9863335490226746,0.9872671961784363,0.9860219955444336,0.9788830876350403,0.9820803999900818,0.9824482202529907,0.9733198285102844,0.9811456203460693,0.9762840270996094,0.9792357683181763,0.976608395576477,0.980038046836853,0.9822410941123962,0.9845598936080933,0.9853333234786987,0.9887276291847229,0.9879149794578552,0.9898709654808044,0.9853993654251099,0.9825718998908997,0.9798614978790283,0.9829590320587158,0.9777047634124756,0.9878808856010437,0.9872069954872131,0.9837624430656433,0.9789149165153503,0.9627654552459717,0.984253466129303,0.9761623740196228,0.9793854355812073,0.9687483906745911,0.9614050388336182,0.9657486081123352,0.9660971164703369,0.9654917120933533,0.9522590637207031,0.9496976137161255,0.9400113821029663,0.45104512572288513
10,7,land,0.12967653572559357,0.9659329056739807,0.9345601201057434,0.8925371766090393,0.876308023929596,0.8426581621170044,0.9057638645172119,0.9546732306480408,0.9195484519004822,0.95713210105896,0.9443382620811462,0.9193555116653442,0.9152678847312927,0.9323246479034424,0.9411363005638123,0.9206535220146179,0.9575230479240417,0.9601707458496094,0.9701943397521973,0.9738997220993042,0.9713026285171509,0.9728751182556152,0.9672569036483765,0.9728398323059082,0.9775087833404541,0.9791060090065002,0.9713016748428345,0.9708235859870911,0.9703656435012817,0.9664338231086731,0.9538381099700928,0.9598086476325989,0.9537912011146545,0.956717312335968,0.9572460651397705,0.9657902121543884,0.9663069248199463,0.9749624729156494,0.9762116074562073,0.9790518879890442,0.9775992035865784,0.9818819165229797,0.9770573973655701,0.9730269312858582,0.9637421369552612,0.973957359790802,0.9732147455215454,0.9756829142570496,0.9788461923599243,0.9784949421882629,0.9774682521820068,0.9702325463294983,0.979277491569519,0.9836415648460388,0.9801827073097229,0.9788428544998169,0.9717320203781128,0.9811093807220459,0.9706563949584961,0.9686687588691711,0.9590373039245605,0.947928249835968,0.9121925234794617,0.41319721937179565
10,8, is,0.11832686513662338,0.9582264423370361,0.9682381749153137,0.9432709813117981,0.9288043975830078,0.984144926071167,0.9465762972831726,0.9647208452224731,0.9367425441741943,0.9487146139144897,0.9639633297920227,0.9535016417503357,0.9296517372131348,0.9400134682655334,0.9415951371192932,0.9168263673782349,0.9247152805328369,0.9495100975036621,0.9598826169967651,0.9676328301429749,0.9613624811172485,0.9671947360038757,0.9648890495300293,0.9698023796081543,0.9733051657676697,0.9719526171684265,0.967208981513977,0.9665610790252686,0.9668289422988892,0.9566485285758972,0.9704156517982483,0.9684670567512512,0.956693172454834,0.9643118381500244,0.9659634232521057,0.9700440764427185,0.9721433520317078,0.9752010703086853,0.9814838767051697,0.9825837016105652,0.9799274802207947,0.9868993163108826,0.9832496643066406,0.9800688624382019,0.9768412113189697,0.9780028462409973,0.9740797877311707,0.9689862132072449,0.975153386592865,0.9631281495094299,0.9695842862129211,0.9478799104690552,0.9678369164466858,0.9729837775230408,0.9677702188491821,0.960706889629364,0.9503821134567261,0.9609348773956299,0.9559704065322876,0.9366125464439392,0.9236161708831787,0.9319383502006531,0.9075562953948975,0.5290234684944153
11,0,T,0.12532934546470642,0.9177948236465454,0.9651209712028503,0.9304484724998474,0.5357620716094971,0.9997102618217468,0.9997966289520264,0.9999995231628418,0.9999931454658508,0.9999997615814209,0.9999777674674988,0.9999997615814209,0.9999926686286926,0.999999463558197,0.9999990463256836,0.9999982714653015,0.9999991655349731,0.999999463558197,0.9999997615814209,0.999997615814209,0.9999990463256836,0.999999463558197,0.9999921917915344,0.9999991655349731,0.9999997019767761,0.999999463558197,0.9999995827674866,0.9999987483024597,0.9999988079071045,0.9999992847442627,0.9999995827674866,0.9999988079071045,0.9999977350234985,0.9999920725822449,0.9999983310699463,0.9999662041664124,0.999997615814209,0.9999904632568359,0.9999942779541016,0.9999932646751404,0.9999940395355225,0.9999942183494568,0.9999964833259583,0.999998152256012,0.9999989867210388,0.999999463558197,0.9999994039535522,0.999999463558197,0.999999463558197,0.9999967217445374,0.9999983906745911,0.9999988675117493,0.9999984502792358,0.9999987483024597,0.9999988675117493,0.9999985098838806,0.9999937415122986,0.9999925494194031,0.9999794363975525,0.9999250173568726,0.9987168908119202,0.9992306232452393,0.9962013363838196,0.31768864393234253
11,1,ys,0.12182839214801788,0.9664557576179504,0.9308496713638306,0.9103766083717346,0.8479426503181458,0.9006428718566895,0.9250501394271851,0.8162184953689575,0.9213658571243286,0.9678193926811218,0.97409987449646,0.9801157712936401,0.9751909971237183,0.9732638001441956,0.9743003845214844,0.9726046919822693,0.9691160321235657,0.9783961176872253,0.982421875,0.9863967299461365,0.9891155958175659,0.9896857738494873,0.9904536604881287,0.9918970465660095,0.9920195937156677,0.9898204803466797,0.9904136061668396,0.9882658123970032,0.9890515208244324,0.9900465607643127,0.9873631596565247,0.985824704170227,0.9740469455718994,0.9837626218795776,0.9885701537132263,0.9894950985908508,0.9910377860069275,0.9904004335403442,0.9933898448944092,0.9919462203979492,0.9947013854980469,0.9918303489685059,0.989903450012207,0.9876863360404968,0.9861475229263306,0.9881107807159424,0.983104944229126,0.9769423007965088,0.9732306003570557,0.9466180205345154,0.9443209767341614,0.9417043924331665,0.9592082500457764,0.9663006067276001,0.968957245349884,0.96580970287323,0.9722468852996826,0.9741004109382629,0.9687445163726807,0.972202718257904,0.9730096459388733,0.9562068581581116,0.9471636414527893,0.4185684025287628
11,2,k,0.11721042543649673,0.96817946434021,0.9429380297660828,0.8895182013511658,0.7806621789932251,0.7648158669471741,0.84114009141922,0.9058431386947632,0.8949134945869446,0.9716220498085022,0.974827766418457,0.9743415117263794,0.9727050065994263,0.9657673835754395,0.9651306867599487,0.9685230851173401,0.9729486703872681,0.9805591106414795,0.9820021986961365,0.979588508605957,0.9803116917610168,0.9849952459335327,0.9848077297210693,0.9857837557792664,0.9858709573745728,0.9877734780311584,0.9820106029510498,0.9837828278541565,0.9867791533470154,0.9834862351417542,0.9689329862594604,0.98302161693573,0.9669103026390076,0.9773960113525391,0.9757460355758667,0.9819647073745728,0.981810986995697,0.9842349290847778,0.9850132465362549,0.9881592392921448,0.9877355694770813,0.9899758696556091,0.9853274822235107,0.9833412766456604,0.9812679886817932,0.9820411205291748,0.9743218421936035,0.9839338660240173,0.9807260036468506,0.9782545566558838,0.9702158570289612,0.9437813758850098,0.9745644927024841,0.9658066034317017,0.9730398058891296,0.9677405953407288,0.9632411003112793,0.963544487953186,0.9724119901657104,0.9727783203125,0.9631425142288208,0.9546319842338562,0.94246906042099,0.3393162786960602
11,3,lands,0.10209546983242035,0.9703406691551208,0.9380131363868713,0.9014624953269958,0.8360999822616577,0.8539380431175232,0.8989800810813904,0.8907922506332397,0.8986958861351013,0.9383542537689209,0.9559447169303894,0.9405190944671631,0.9512923359870911,0.9475112557411194,0.9583207964897156,0.9503236413002014,0.9603082537651062,0.9744877219200134,0.976941704750061,0.9757100939750671,0.9810205698013306,0.9819408059120178,0.9826818108558655,0.9827597737312317,0.9801502227783203,0.9854727983474731,0.9765880107879639,0.9759265780448914,0.9789184927940369,0.9757579565048218,0.9782959818840027,0.977027952671051,0.9642000794410706,0.9769738912582397,0.9732524156570435,0.9825758934020996,0.9767763614654541,0.9828714728355408,0.981032133102417,0.9859556555747986,0.9835115075111389,0.9878202676773071,0.9827602505683899,0.9801719188690186,0.9780943393707275,0.9791486263275146,0.9771373271942139,0.9772154092788696,0.9809146523475647,0.9798646569252014,0.9682556390762329,0.962598979473114,0.9659522771835327,0.9785677790641785,0.979307234287262,0.9796524047851562,0.9519762396812439,0.9719826579093933,0.9780136942863464,0.9688795208930969,0.9595509767532349,0.9440438747406006,0.9274533987045288,0.4222033619880676
11,4, h,0.11814268678426743,0.9637261629104614,0.955892026424408,0.9369475245475769,0.9393951892852783,0.9514243602752686,0.9615774154663086,0.9138759970664978,0.9145810008049011,0.9536975026130676,0.9585063457489014,0.8969776034355164,0.9479939937591553,0.9501685500144958,0.9620558619499207,0.9606351256370544,0.952829897403717,0.9677496552467346,0.9665082693099976,0.9637914299964905,0.9717543125152588,0.9715086221694946,0.9719641208648682,0.9652001857757568,0.9748768210411072,0.9818875193595886,0.9735212922096252,0.9728876352310181,0.9758661985397339,0.9681569933891296,0.9696002006530762,0.9693918228149414,0.9473800659179688,0.9643811583518982,0.9670363068580627,0.9719972610473633,0.9730983376502991,0.972675621509552,0.9796426296234131,0.9829800724983215,0.9809176325798035,0.9893284440040588,0.983518660068512,0.9818344116210938,0.9803957343101501,0.9814996123313904,0.9765564799308777,0.976884126663208,0.9791844487190247,0.9703937768936157,0.9578008055686951,0.9624082446098328,0.9510577321052551,0.9726929068565369,0.9576343297958374,0.9617820382118225,0.9466050863265991,0.9571415781974792,0.9646199345588684,0.9436830282211304,0.9088159799575806,0.8932465314865112,0.7926639914512634,0.5984711647033691
11,5,uv,0.12091367691755295,0.9698144197463989,0.9378810524940491,0.9273400902748108,0.8384272456169128,0.8924948573112488,0.9357466101646423,0.8470782041549683,0.8902261853218079,0.9119771718978882,0.953974723815918,0.9363909363746643,0.9632269144058228,0.962233304977417,0.9637309908866882,0.9668900370597839,0.9681653380393982,0.9784306287765503,0.9830321073532104,0.9742023348808289,0.983029842376709,0.9840603470802307,0.9832179546356201,0.98403400182724,0.9876596331596375,0.986625075340271,0.9817042946815491,0.9810826778411865,0.9790568947792053,0.9796010851860046,0.9783952832221985,0.9687455296516418,0.9616924524307251,0.9716473817825317,0.9759141206741333,0.9817212224006653,0.9758871793746948,0.9809964895248413,0.9867092370986938,0.9831069707870483,0.9796572327613831,0.9837139248847961,0.9825143218040466,0.9801478385925293,0.9635839462280273,0.9797624945640564,0.9725596308708191,0.9634978771209717,0.9750874042510986,0.9579796195030212,0.9537890553474426,0.9351683855056763,0.9457249641418457,0.9454448223114014,0.9417288899421692,0.9260129928588867,0.9623614549636841,0.963649332523346,0.9574951529502869,0.9522019028663635,0.945214569568634,0.926924467086792,0.9170079827308655,0.518592357635498
11,6,ud,0.10749461501836777,0.9684155583381653,0.9305378794670105,0.8704342246055603,0.8075774908065796,0.8206395506858826,0.9338428974151611,0.8655357360839844,0.9272114634513855,0.9253999590873718,0.9497817158699036,0.9089266657829285,0.9516361355781555,0.9474377036094666,0.9578263759613037,0.9635673761367798,0.9650813937187195,0.9752749800682068,0.9782963991165161,0.9743850231170654,0.9808874726295471,0.9806019067764282,0.9823911190032959,0.9837353229522705,0.9855536818504333,0.9829821586608887,0.9786972999572754,0.974686861038208,0.9741621613502502,0.9793838858604431,0.9775031208992004,0.9652108550071716,0.9613887667655945,0.9707786440849304,0.9705628752708435,0.9792004823684692,0.9693397283554077,0.9783672094345093,0.9826419949531555,0.9833222031593323,0.9806349277496338,0.9844538569450378,0.9808784127235413,0.9801746606826782,0.9683656692504883,0.9811789989471436,0.9799220561981201,0.969586968421936,0.9729509353637695,0.941858172416687,0.9534630179405212,0.9151354432106018,0.9543646574020386,0.956906259059906,0.9644517302513123,0.9611449837684631,0.9445236325263977,0.9654526114463806,0.9137558341026306,0.9315805435180664,0.9121173620223999,0.8827937245368958,0.8857403993606567,0.5525907874107361
11,7,stad,0.09714589267969131,0.9756340980529785,0.9525861740112305,0.8836921453475952,0.9011298418045044,0.8876550793647766,0.9312024116516113,0.9212285876274109,0.9069251418113708,0.9329456090927124,0.9515371322631836,0.835334300994873,0.9067369103431702,0.9329990744590759,0.9381263852119446,0.9344027638435364,0.9419090151786804,0.956579327583313,0.9660254716873169,0.9698570370674133,0.9726270437240601,0.9741802215576172,0.9706390500068665,0.9729481935501099,0.9769797921180725,0.9727873802185059,0.9684826731681824,0.9652593731880188,0.963880181312561,0.972625195980072,0.9698064923286438,0.9548764824867249,0.9479752779006958,0.960127055644989,0.9670961499214172,0.9723480343818665,0.9699469804763794,0.9785682559013367,0.9803651571273804,0.9820114374160767,0.9865845441818237,0.9867556095123291,0.979357123374939,0.9809412956237793,0.9780849814414978,0.9765162467956543,0.9832053780555725,0.9789003729820251,0.9780023694038391,0.9771047234535217,0.9730704426765442,0.9615751504898071,0.9701115489006042,0.9798494577407837,0.9785929918289185,0.9691216349601746,0.9454072117805481,0.9694768786430359,0.9711725115776062,0.9515672326087952,0.946857213973999,0.9318633675575256,0.9090912342071533,0.4560946524143219
11,8, är,0.12961697578430176,0.9717119932174683,0.9559578895568848,0.9294518232345581,0.9253025054931641,0.9546663761138916,0.9799240827560425,0.948078453540802,0.9525177478790283,0.9571666121482849,0.9509419798851013,0.9515222311019897,0.8835887908935547,0.9458869099617004,0.957879364490509,0.9458621144294739,0.9419337511062622,0.9616963863372803,0.9700082540512085,0.9670997858047485,0.9679003357887268,0.970556378364563,0.9690080285072327,0.9713242650032043,0.9829791784286499,0.9808902144432068,0.9753658175468445,0.9750239849090576,0.9655667543411255,0.9742437601089478,0.974241316318512,0.9744217395782471,0.9658687710762024,0.9707033038139343,0.9735345244407654,0.9757238030433655,0.9771242737770081,0.9775623083114624,0.9814388155937195,0.9856165051460266,0.9895325303077698,0.9885255098342896,0.9880571961402893,0.9835692644119263,0.9768689870834351,0.983453631401062,0.9810752272605896,0.9790000319480896,0.9788182973861694,0.963728129863739,0.9696646928787231,0.9572628736495972,0.9693425297737122,0.9778537154197693,0.9781070947647095,0.9688783884048462,0.9468258023262024,0.9647098183631897,0.9672284722328186,0.9327878355979919,0.9356100559234619,0.9327535033226013,0.9144164323806763,0.49817630648612976
