prompt_idx,token_pos,token_text,layer_000,layer_001,layer_002,layer_003,layer_004,layer_005,layer_006,layer_007,layer_008,layer_009,layer_010,layer_011,layer_012,layer_013,layer_014,layer_015,layer_016,layer_017,layer_018,layer_019,layer_020,layer_021,layer_022,layer_023,layer_024,layer_025,layer_026,layer_027,layer_028,layer_029,layer_030,layer_031,layer_032,layer_033,layer_034,layer_035,layer_036,layer_037,layer_038,layer_039,layer_040,layer_041,layer_042,layer_043,layer_044,layer_045,layer_046,layer_047,layer_048,layer_049,layer_050,layer_051,layer_052,layer_053,layer_054,layer_055,layer_056,layer_057,layer_058,layer_059,layer_060,layer_061,layer_062,layer_063,layer_064
0,0,The,1.8311065435409546,68.87861633300781,116.99182891845703,147.75498962402344,143.66641235351562,17461.087890625,27347.548828125,30426.33984375,30426.119140625,30579.337890625,30579.0625,30808.470703125,30808.435546875,30884.90234375,30884.5546875,30883.94140625,30887.521484375,30886.98828125,30886.357421875,30886.478515625,30891.03515625,30890.80078125,30890.908203125,30971.341796875,30972.16015625,30972.1953125,30972.958984375,30972.75390625,30974.82421875,30975.947265625,30976.55078125,30976.693359375,30978.046875,30980.52734375,31058.79296875,31060.623046875,31233.2265625,31235.61328125,31389.203125,31788.732421875,31953.708984375,32107.947265625,32262.5859375,32452.70703125,32445.455078125,32444.5078125,32443.880859375,32443.244140625,32442.5625,32442.234375,32437.892578125,32435.361328125,32435.02734375,32431.935546875,32430.166015625,32429.359375,32428.708984375,32270.859375,32111.02734375,31868.087890625,31151.521484375,24363.6328125,22462.380859375,18167.64453125,148.0642547607422
0,1, capital,1.621339201927185,73.4139633178711,80.86528778076172,86.80694580078125,93.65216827392578,113.62550354003906,124.52184295654297,135.81512451171875,151.7020263671875,178.12210083007812,196.94654846191406,217.34368896484375,227.89346313476562,225.08323669433594,229.31333923339844,229.3570098876953,229.00344848632812,232.086181640625,233.1477813720703,236.18051147460938,241.39480590820312,245.76986694335938,247.40951538085938,250.25189208984375,252.29318237304688,252.24819946289062,253.0107421875,257.5375061035156,257.62017822265625,260.1845703125,262.6625671386719,278.881591796875,284.0656433105469,287.0885925292969,290.59625244140625,296.1307373046875,300.517822265625,300.89935302734375,297.88995361328125,301.4746398925781,308.1381530761719,316.7948913574219,314.1592102050781,316.1161804199219,325.135009765625,343.2243957519531,354.3625793457031,381.3758850097656,389.5414733886719,409.8019104003906,491.9460144042969,528.7299194335938,608.4642944335938,652.9038696289062,718.1590576171875,772.7240600585938,848.8546142578125,915.9302368164062,997.2483520507812,1070.6575927734375,1174.8720703125,1285.7830810546875,1570.0665283203125,2169.047607421875,194.6036834716797
0,2, of,1.5765060186386108,60.58122253417969,67.0758285522461,69.55490112304688,75.45496368408203,91.33956146240234,100.51615142822266,107.00152587890625,114.94652557373047,144.61837768554688,165.77732849121094,178.12281799316406,186.04415893554688,189.68389892578125,196.13430786132812,200.76260375976562,206.67820739746094,212.77806091308594,218.36837768554688,218.87344360351562,225.77938842773438,232.55905151367188,236.0012969970703,236.46176147460938,234.27525329589844,234.10464477539062,238.93463134765625,246.89881896972656,251.57415771484375,255.44338989257812,260.507568359375,265.9089050292969,266.6881408691406,273.8539123535156,275.7216796875,282.0191955566406,285.20379638671875,286.6899108886719,288.16473388671875,290.8049011230469,291.6583251953125,299.28106689453125,298.62628173828125,304.1590881347656,308.7228088378906,333.3387756347656,341.9583435058594,359.80621337890625,383.2015686035156,417.13812255859375,468.41595458984375,503.9620361328125,556.5792236328125,605.5396118164062,653.4004516601562,706.8942260742188,758.2511596679688,814.6875610351562,883.7136840820312,965.6597900390625,1070.9632568359375,1201.61865234375,1463.1407470703125,2036.89013671875,186.5869140625
0,3, Germany,1.5630313158035278,56.93967056274414,62.74690628051758,72.43109130859375,80.18216705322266,101.52725982666016,117.44648742675781,128.3871307373047,135.6902313232422,150.2808074951172,164.17420959472656,162.34400939941406,168.11460876464844,171.5773162841797,176.2200469970703,183.56849670410156,195.8255615234375,198.72279357910156,204.20603942871094,205.22320556640625,211.8402862548828,217.93202209472656,220.6586151123047,223.04173278808594,222.20021057128906,223.89593505859375,227.3587646484375,229.9537811279297,234.73141479492188,239.6143035888672,242.58236694335938,255.26512145996094,254.53726196289062,261.5032958984375,266.60986328125,267.5689697265625,268.52783203125,280.4288330078125,282.0324401855469,293.9738464355469,298.1921081542969,308.8070068359375,309.83001708984375,314.72467041015625,334.95416259765625,368.6268310546875,390.486328125,414.9732666015625,437.1007385253906,463.3097229003906,524.5391235351562,532.3139038085938,581.86083984375,612.5172119140625,648.6222534179688,676.0982055664062,734.5475463867188,805.66796875,866.5632934570312,928.1531372070312,1048.513671875,1146.3438720703125,1397.073486328125,2100.3720703125,201.32949829101562
0,4, is,1.7586857080459595,50.236534118652344,63.49166488647461,68.91687774658203,73.5657958984375,86.43769836425781,99.44405364990234,108.83889770507812,116.87586212158203,125.685791015625,147.259765625,158.4819793701172,167.53643798828125,174.12734985351562,177.68435668945312,182.95021057128906,196.42257690429688,206.067626953125,208.40167236328125,206.2722930908203,213.11355590820312,219.82936096191406,222.3551025390625,223.16864013671875,218.5947265625,220.59384155273438,226.3954620361328,236.63990783691406,240.7731475830078,249.4322967529297,252.9249267578125,247.26385498046875,248.2989959716797,256.96978759765625,266.7991027832031,265.4858703613281,265.9608459472656,275.6480712890625,277.047119140625,279.3403015136719,279.9302978515625,294.52294921875,293.5003356933594,299.8502502441406,309.3371887207031,334.1729736328125,354.08050537109375,364.653076171875,385.60223388671875,414.5259094238281,466.2945251464844,490.11187744140625,554.1007080078125,596.1703491210938,648.0266723632812,694.0187377929688,755.2933959960938,837.7870483398438,904.547119140625,979.1834106445312,1101.8028564453125,1240.719482421875,1478.696044921875,2142.845458984375,148.3616180419922
1,0,Die,1.4808142185211182,84.90892791748047,99.70793151855469,118.68722534179688,131.1660614013672,14428.6796875,24331.03125,27410.3203125,27448.177734375,27564.171875,27563.9609375,27793.033203125,27793.166015625,27870.22265625,27869.91015625,27869.369140625,27873.630859375,27873.083984375,27872.53125,27872.689453125,27877.25390625,27876.986328125,27877.13671875,27957.779296875,27958.640625,27958.732421875,27959.482421875,27959.271484375,27961.38671875,27962.59765625,27963.2265625,27963.39453125,27964.81640625,27967.357421875,28045.826171875,28047.7109375,28220.673828125,28222.6640625,28376.77734375,28776.37109375,28941.560546875,29096.16015625,29251.62109375,29441.439453125,29436.146484375,29435.24609375,29434.650390625,29434.171875,29433.59765625,29433.15234375,29428.904296875,29427.1015625,29426.98828125,29424.07421875,29421.419921875,29420.123046875,29418.478515625,29260.990234375,29101.509765625,28857.923828125,28297.365234375,21835.8671875,20046.8125,16617.021484375,168.24082946777344
1,1, Haupt,1.3164708614349365,77.04814910888672,81.9392318725586,88.9608154296875,108.29168701171875,126.15508270263672,137.10008239746094,169.87503051757812,172.7415313720703,177.8643341064453,198.7921600341797,206.47520446777344,212.33837890625,224.46046447753906,234.09861755371094,241.1278533935547,242.6525421142578,246.8018035888672,250.79869079589844,258.7017517089844,261.4424133300781,262.19415283203125,261.80377197265625,261.6517028808594,260.8709411621094,258.8672180175781,258.1404724121094,257.44989013671875,254.1845703125,258.223876953125,257.04486083984375,257.1605224609375,262.56219482421875,268.2101135253906,275.1015319824219,276.93402099609375,275.74713134765625,274.6542053222656,269.8227233886719,277.9474792480469,287.5120544433594,305.3540344238281,301.9918518066406,299.27001953125,302.8963928222656,321.7834167480469,328.1842041015625,343.64385986328125,360.62139892578125,375.73175048828125,428.22802734375,465.1573181152344,533.8810424804688,606.5287475585938,682.5270385742188,741.2364501953125,811.451171875,889.7026977539062,964.3200073242188,1034.7958984375,1158.7855224609375,1277.3204345703125,1558.9342041015625,2063.85009765625,206.8623809814453
1,2,stadt,1.3747926950454712,67.78315734863281,72.4765625,78.13740539550781,95.14322662353516,123.80902099609375,136.85714721679688,165.55384826660156,166.0406951904297,178.59249877929688,183.63491821289062,184.11923217773438,188.6329803466797,200.63436889648438,204.66598510742188,212.90638732910156,226.0131072998047,231.28916931152344,234.85400390625,233.1061553955078,239.67324829101562,243.65997314453125,248.5980224609375,251.26425170898438,249.14566040039062,249.26431274414062,253.810302734375,259.8084716796875,266.3620300292969,275.8509521484375,283.7281799316406,285.8935241699219,290.3121032714844,296.81414794921875,297.0899353027344,297.80169677734375,300.1107177734375,304.3237609863281,303.78204345703125,312.20263671875,323.9436340332031,337.4325866699219,333.3994445800781,337.7068786621094,342.8616638183594,367.954345703125,392.56341552734375,400.6473693847656,421.562255859375,445.9659118652344,482.0946350097656,502.4231872558594,563.0841064453125,596.4178466796875,639.81005859375,684.0012817382812,745.1582641601562,852.3023071289062,922.0216064453125,1027.3382568359375,1176.899169921875,1334.2548828125,1635.4952392578125,2295.993408203125,215.4481658935547
1,3, von,1.5940535068511963,61.489227294921875,68.15503692626953,76.74675750732422,86.2076644897461,94.80424499511719,108.6053695678711,112.5857162475586,115.64981842041016,119.56209564208984,143.87326049804688,151.68099975585938,167.14064025878906,179.74676513671875,187.31532287597656,201.32049560546875,211.14535522460938,217.76719665527344,219.78396606445312,219.2921905517578,220.55584716796875,224.80801391601562,229.2660675048828,229.87620544433594,226.6468048095703,228.4054718017578,232.45089721679688,238.083251953125,247.55023193359375,245.15640258789062,246.6024932861328,244.31080627441406,248.84971618652344,254.63211059570312,263.072265625,265.57794189453125,256.82696533203125,264.2321472167969,263.3262939453125,275.189453125,279.03155517578125,287.9439392089844,283.3423767089844,286.8258361816406,292.56024169921875,311.5379333496094,323.2624206542969,337.2823791503906,359.58514404296875,384.0415954589844,420.576171875,447.3692932128906,484.4122314453125,521.4916381835938,575.5810546875,626.927001953125,698.6674194335938,797.6218872070312,888.86181640625,999.7526245117188,1169.044189453125,1366.9918212890625,1660.8680419921875,2177.7470703125,205.78701782226562
1,4, Deutschland,1.2679942846298218,66.84043884277344,71.23749542236328,78.26738739013672,92.28690338134766,108.0037612915039,117.06637573242188,127.8512954711914,141.25514221191406,158.5765838623047,167.13490295410156,167.55203247070312,172.85479736328125,177.73121643066406,182.70236206054688,187.82772827148438,195.12478637695312,198.01437377929688,205.053466796875,207.2198944091797,209.65533447265625,213.1442108154297,217.1658477783203,222.2540283203125,217.9364471435547,219.3648681640625,222.6066131591797,224.70216369628906,232.40408325195312,237.9209747314453,244.18997192382812,253.28443908691406,254.189208984375,259.1293640136719,261.2569580078125,260.5658874511719,260.06500244140625,272.55560302734375,272.8205871582031,281.98419189453125,286.8111267089844,298.78424072265625,293.5043640136719,293.9114074707031,312.5038757324219,350.4305725097656,369.20501708984375,389.8909606933594,408.1308898925781,439.1175842285156,490.3340148925781,492.9091796875,541.9810791015625,564.1565551757812,607.3789672851562,639.6824951171875,698.140625,777.1571655273438,835.152099609375,911.0790405273438,1054.9102783203125,1188.65380859375,1424.88720703125,2052.546875,193.60203552246094
1,5, ist,1.5277788639068604,62.350460052490234,70.51704406738281,76.69890594482422,86.82300567626953,102.67794799804688,110.12184143066406,118.22148895263672,121.36770629882812,131.8888397216797,144.58541870117188,153.63119506835938,160.24696350097656,167.76649475097656,170.6896514892578,171.9924774169922,188.5879669189453,192.90663146972656,191.17318725585938,188.8212127685547,191.2119903564453,200.38792419433594,204.71359252929688,215.61361694335938,208.11302185058594,207.90481567382812,211.2830047607422,217.09848022460938,224.11773681640625,233.8213653564453,235.9716339111328,234.9920654296875,242.64556884765625,252.03907775878906,261.875,265.7843933105469,257.4492492675781,268.27252197265625,266.1611022949219,268.5208740234375,272.7048034667969,290.1797180175781,285.8834228515625,289.7463073730469,300.4860534667969,329.3492736816406,344.2176208496094,357.9486083984375,375.8166809082031,395.3270263671875,447.0435791015625,459.1607360839844,518.4280395507812,562.7940063476562,608.91064453125,663.0432739257812,727.3281860351562,822.8549194335938,886.7261962890625,958.0213623046875,1077.7474365234375,1222.446044921875,1466.8641357421875,2054.6796875,182.04063415527344
2,0,La,1.6246535778045654,81.67261505126953,109.55207824707031,138.9502716064453,143.7329864501953,15963.95703125,25722.044921875,28800.228515625,28800.09375,28953.42578125,28953.201171875,29183.072265625,29183.0703125,29259.892578125,29259.513671875,29258.9375,29262.513671875,29261.9609375,29261.33984375,29261.447265625,29265.994140625,29265.7578125,29265.87890625,29346.732421875,29347.564453125,29347.650390625,29348.4296875,29348.23828125,29350.33984375,29351.48828125,29352.095703125,29352.251953125,29353.634765625,29356.150390625,29434.845703125,29436.7109375,29609.53125,29611.486328125,29765.375,30165.046875,30329.712890625,30484.19140625,30638.96875,30829.244140625,30822.064453125,30821.15625,30820.533203125,30820.029296875,30819.466796875,30818.994140625,30814.68359375,30812.451171875,30812.326171875,30809.375,30807.765625,30806.994140625,30806.37890625,30648.388671875,30488.404296875,30245.60546875,29607.79296875,23061.65234375,21268.4375,17304.625,158.1908416748047
2,1, capit,1.3460025787353516,71.68692779541016,78.60477447509766,85.60079956054688,99.77793884277344,132.277587890625,143.02703857421875,152.1072235107422,156.47677612304688,167.20816040039062,192.19432067871094,212.45529174804688,221.8872833251953,223.87796020507812,230.74151611328125,234.92518615722656,239.74118041992188,245.4703826904297,250.64364624023438,252.47628784179688,257.98883056640625,262.7702331542969,262.6219482421875,263.1121826171875,263.00897216796875,263.2039794921875,264.3232116699219,267.29156494140625,273.05914306640625,276.0389404296875,280.1225280761719,284.591552734375,290.506103515625,296.4239196777344,305.1520690917969,305.31622314453125,306.366943359375,307.6841125488281,303.575439453125,307.9631042480469,315.2627868652344,327.37896728515625,322.9977722167969,327.2086486816406,340.84185791015625,353.37506103515625,358.58404541015625,375.0886535644531,382.8648376464844,397.883544921875,447.2538757324219,485.10711669921875,572.0906372070312,606.0777587890625,677.660400390625,733.85205078125,819.10498046875,913.74169921875,990.5733032226562,1080.634521484375,1203.337646484375,1268.9281005859375,1508.4361572265625,1862.095703125,125.07312774658203
2,2,ale,1.676797866821289,56.78287887573242,60.69910430908203,64.32289123535156,76.3788070678711,116.10997009277344,123.33714294433594,145.9209747314453,148.10916137695312,179.36265563964844,191.31802368164062,201.35733032226562,208.02252197265625,220.38548278808594,226.04591369628906,231.45330810546875,239.23284912109375,247.82098388671875,249.23390197753906,247.9504852294922,257.95562744140625,263.7650146484375,267.2605895996094,270.42181396484375,271.264404296875,270.9886779785156,271.940673828125,277.80828857421875,280.6639099121094,289.41912841796875,297.3768615722656,304.11517333984375,307.9333190917969,311.66290283203125,314.82470703125,315.7789306640625,322.33807373046875,327.8514404296875,328.5773010253906,331.6441955566406,335.62200927734375,350.0422668457031,347.6435546875,350.261474609375,357.9114074707031,385.54974365234375,404.9206848144531,429.0859680175781,445.6492919921875,473.7279052734375,526.3829956054688,556.2352905273438,631.978271484375,680.631103515625,743.773193359375,799.0380249023438,866.013427734375,969.1806640625,1059.380859375,1194.885009765625,1340.25146484375,1518.213623046875,1792.8543701171875,2596.005859375,205.801513671875
2,3, de,1.8274422883987427,53.49790954589844,61.2387809753418,67.23422241210938,74.80328369140625,92.42658996582031,103.2593002319336,114.4136962890625,118.4831314086914,134.5243377685547,152.78623962402344,160.2066650390625,172.77938842773438,189.37673950195312,194.56686401367188,199.36192321777344,204.91053771972656,215.63900756835938,219.27786254882812,220.6354522705078,227.85850524902344,230.35255432128906,232.80099487304688,235.52044677734375,236.4536590576172,238.09213256835938,241.41030883789062,249.28341674804688,253.365478515625,257.43634033203125,258.49224853515625,264.02178955078125,269.57147216796875,276.036376953125,277.2124938964844,282.717529296875,284.08612060546875,287.5517883300781,288.54864501953125,293.10125732421875,295.4671936035156,308.0876159667969,303.0224609375,306.7705078125,315.7887878417969,337.7810363769531,340.2328796386719,368.2239990234375,393.6476135253906,418.9352722167969,458.8004150390625,500.70611572265625,550.7944946289062,604.3522338867188,663.66015625,743.8585205078125,831.1450805664062,939.1292724609375,1050.8837890625,1173.43310546875,1344.8599853515625,1522.6842041015625,1842.569580078125,2476.37255859375,205.6614532470703
2,4, l,1.7621054649353027,53.729461669921875,61.88482666015625,73.17816925048828,86.88123321533203,94.50847625732422,103.73585510253906,112.70492553710938,118.97787475585938,125.04570007324219,143.34442138671875,156.09800720214844,160.39646911621094,167.91282653808594,173.87745666503906,180.71580505371094,190.66542053222656,202.49501037597656,205.24024963378906,205.13331604003906,207.58889770507812,211.11175537109375,213.6901092529297,218.5164794921875,218.36312866210938,217.27615356445312,219.88113403320312,225.4026641845703,229.77342224121094,230.20428466796875,232.24642944335938,236.69200134277344,240.57308959960938,249.70965576171875,254.53912353515625,256.4863586425781,257.3428039550781,259.6626892089844,259.3458251953125,260.82513427734375,261.4464416503906,271.4103088378906,267.4908142089844,270.4241638183594,284.2331237792969,302.6395568847656,298.96710205078125,325.25927734375,352.17266845703125,386.95953369140625,417.43438720703125,455.9660339355469,500.95001220703125,554.9114990234375,603.4346923828125,683.1128540039062,736.2523193359375,820.8889770507812,928.3592529296875,1024.6214599609375,1181.472412109375,1309.8536376953125,1563.1788330078125,2313.82421875,137.12591552734375
2,5,',1.7856156826019287,57.46747589111328,74.01000213623047,79.34503936767578,90.58091735839844,104.66936492919922,116.74905395507812,125.84529113769531,132.40773010253906,139.86106872558594,154.4675750732422,172.8693084716797,180.06320190429688,182.0581817626953,182.4030303955078,187.41329956054688,190.9304656982422,198.001708984375,203.72531127929688,206.27511596679688,208.79515075683594,211.570068359375,213.19729614257812,218.1910858154297,219.1721954345703,222.4124298095703,224.48277282714844,230.98583984375,237.72088623046875,237.1876678466797,235.37939453125,237.7830352783203,240.64076232910156,243.4805450439453,251.00802612304688,252.43594360351562,251.3703155517578,252.30006408691406,251.04107666015625,255.4342803955078,256.4935302734375,265.20001220703125,263.5523681640625,270.86590576171875,281.87750244140625,302.1258544921875,295.9444885253906,321.779052734375,344.0903015136719,371.5755615234375,413.3489074707031,449.9263000488281,509.2120056152344,564.9813232421875,621.348388671875,708.0040893554688,778.4554443359375,878.8009643554688,998.5004272460938,1127.399169921875,1281.767333984375,1463.4833984375,1727.615234375,2373.40380859375,181.6464385986328
2,6,Al,1.671059012413025,57.046043395996094,65.10855102539062,75.71305847167969,92.8077392578125,113.40342712402344,129.69918823242188,135.0677947998047,146.46705627441406,159.98995971679688,170.2437286376953,187.52157592773438,196.64329528808594,193.3845672607422,190.5581817626953,195.58200073242188,200.90011596679688,203.72732543945312,205.5342254638672,213.85040283203125,219.8569793701172,222.87191772460938,223.61953735351562,229.89669799804688,231.13626098632812,233.1177215576172,239.86392211914062,246.33309936523438,250.07066345214844,245.1031951904297,239.38275146484375,238.5218963623047,244.62353515625,246.33587646484375,252.01454162597656,253.97103881835938,257.328125,255.4817352294922,258.3281555175781,259.8038635253906,260.6922912597656,265.0526428222656,259.8655700683594,260.08026123046875,272.32745361328125,283.02972412109375,293.6084289550781,313.2803039550781,330.43023681640625,351.94097900390625,394.5267333984375,446.9242858886719,495.2572021484375,575.9127807617188,640.7095336914062,712.0618896484375,826.3157958984375,922.4989624023438,1035.1314697265625,1132.021484375,1228.9830322265625,1329.625,1554.542724609375,1929.16259765625,168.82598876953125
2,7,lem,1.6010644435882568,52.098453521728516,54.84921646118164,71.35033416748047,83.08590698242188,105.43817901611328,118.66878509521484,122.79641723632812,131.0953369140625,163.5770721435547,170.98963928222656,186.6873016357422,200.21742248535156,202.6103973388672,201.99484252929688,206.87033081054688,209.6349639892578,214.65078735351562,218.5801544189453,222.48025512695312,235.37008666992188,242.0247039794922,246.27780151367188,246.21478271484375,245.0738525390625,250.46775817871094,254.74403381347656,258.0135803222656,262.4079284667969,269.5751953125,272.08477783203125,282.8652038574219,278.577392578125,284.2088623046875,289.9749450683594,292.3061828613281,295.2059020996094,302.4345397949219,302.8105163574219,309.097412109375,314.40655517578125,323.8848571777344,321.8564147949219,318.9892883300781,336.49664306640625,351.203857421875,370.8742370605469,397.57171630859375,411.87591552734375,433.2229919433594,488.2165832519531,490.28131103515625,556.1217041015625,584.742919921875,636.3181762695312,672.73486328125,736.411376953125,786.104736328125,856.290283203125,909.8782348632812,1000.0484619140625,1106.6558837890625,1326.8251953125,1767.5750732421875,126.62696075439453
2,8,agne,1.4422651529312134,51.825984954833984,54.172203063964844,60.579227447509766,70.59500885009766,98.27716064453125,115.00341033935547,127.3326644897461,137.7618408203125,158.4378204345703,167.50387573242188,168.00259399414062,175.2243194580078,181.391357421875,185.3406524658203,189.85165405273438,202.18258666992188,207.15872192382812,214.98812866210938,214.55178833007812,222.36740112304688,226.7095947265625,231.46368408203125,234.74197387695312,232.68890380859375,234.66590881347656,236.17794799804688,240.8175506591797,242.9508819580078,250.5499725341797,255.4954071044922,258.44921875,257.90936279296875,264.0623474121094,262.88433837890625,260.2515869140625,261.546630859375,274.2151184082031,278.60894775390625,288.0661315917969,294.87646484375,310.4280700683594,310.560791015625,312.343994140625,328.9759521484375,353.71405029296875,373.7718505859375,401.33221435546875,416.4568786621094,430.7267150878906,474.69146728515625,493.6103515625,559.72216796875,614.8870849609375,671.7863159179688,713.3811645507812,785.9716796875,902.8862915039062,974.7188720703125,1070.3763427734375,1223.8724365234375,1365.77587890625,1700.6019287109375,2600.405029296875,206.45748901367188
2,9, est,1.630285382270813,53.95344924926758,61.710960388183594,69.51124572753906,76.90421295166016,86.31795501708984,95.45472717285156,102.780029296875,107.49549102783203,116.59818267822266,131.5803680419922,142.14239501953125,150.2054901123047,164.55166625976562,164.44776916503906,168.07334899902344,186.8887481689453,202.53646850585938,206.34942626953125,201.60646057128906,209.22425842285156,215.81991577148438,219.69290161132812,221.50318908691406,217.5094451904297,219.85296630859375,224.57736206054688,236.552001953125,241.38162231445312,249.10537719726562,257.20977783203125,253.8582000732422,260.9158020019531,267.92822265625,280.0447998046875,283.0391845703125,276.234130859375,283.4383239746094,277.9096984863281,280.6649475097656,284.726806640625,297.97552490234375,295.20318603515625,301.4161682128906,314.4803161621094,333.1593933105469,348.4745178222656,364.1233825683594,386.9674072265625,407.89703369140625,457.16375732421875,479.8629455566406,544.4674072265625,595.9893798828125,644.548583984375,699.6676025390625,767.941650390625,880.8533325195312,966.3906860351562,1052.3033447265625,1215.3720703125,1375.39990234375,1657.8275146484375,2316.846923828125,175.1162567138672
3,0,La,1.6246535778045654,81.67261505126953,109.55207824707031,138.9502716064453,143.7329864501953,15963.95703125,25722.044921875,28800.228515625,28800.09375,28953.42578125,28953.201171875,29183.072265625,29183.0703125,29259.892578125,29259.515625,29258.939453125,29262.513671875,29261.962890625,29261.341796875,29261.44921875,29265.994140625,29265.7578125,29265.87890625,29346.732421875,29347.56640625,29347.65234375,29348.4296875,29348.23828125,29350.33984375,29351.490234375,29352.09765625,29352.25,29353.634765625,29356.1484375,29434.845703125,29436.7109375,29609.53125,29611.484375,29765.375,30165.046875,30329.712890625,30484.19140625,30638.96875,30829.244140625,30822.064453125,30821.158203125,30820.53515625,30820.029296875,30819.466796875,30818.99609375,30814.68359375,30812.44921875,30812.326171875,30809.375,30807.771484375,30806.99609375,30806.3828125,30648.39453125,30488.408203125,30245.61328125,29607.798828125,23061.658203125,21268.4453125,17322.32421875,158.5264129638672
3,1, capital,1.621339201927185,75.06719207763672,81.23756408691406,87.42758178710938,94.73291778564453,130.74343872070312,137.22515869140625,146.5550079345703,153.5133514404297,185.3402862548828,198.57102966308594,210.8981170654297,221.62205505371094,233.29315185546875,237.74400329589844,244.81011962890625,248.32373046875,250.96728515625,255.9227752685547,255.2380828857422,262.2613220214844,266.3382263183594,268.0301513671875,269.3443908691406,270.03985595703125,268.44256591796875,271.33978271484375,276.33489990234375,281.51788330078125,287.1387939453125,295.3824157714844,304.4554443359375,308.15460205078125,311.9000244140625,319.5731201171875,317.9268493652344,326.05413818359375,330.8565979003906,330.6516418457031,335.9674377441406,340.35546875,350.0375061035156,348.7886657714844,352.0064392089844,363.7578125,384.55169677734375,407.1881408691406,430.11492919921875,440.48162841796875,466.75042724609375,517.7430419921875,546.6632690429688,612.5750732421875,663.7398681640625,729.360595703125,785.2322998046875,848.0026245117188,948.181884765625,1033.485595703125,1166.88330078125,1298.71435546875,1484.935546875,1732.3851318359375,2401.95703125,210.34915161132812
3,2, de,1.8274422883987427,58.843841552734375,65.19019317626953,69.5084228515625,77.47003936767578,97.36231231689453,105.73558044433594,116.92709350585938,122.10090637207031,146.23309326171875,162.06195068359375,170.90858459472656,182.27247619628906,203.50550842285156,203.93280029296875,208.01048278808594,214.10118103027344,223.79025268554688,230.2089080810547,230.99725341796875,239.69644165039062,244.44732666015625,245.2461395263672,247.59014892578125,248.69967651367188,247.96566772460938,252.04067993164062,258.6887512207031,262.3617858886719,267.2307434082031,270.5513916015625,279.24249267578125,283.87628173828125,290.49517822265625,292.3760681152344,297.06488037109375,302.5443420410156,308.6488952636719,311.8190612792969,313.0400695800781,313.443115234375,324.4310607910156,319.40704345703125,320.4356384277344,328.8766784667969,351.5572509765625,356.15093994140625,379.5926208496094,399.3089294433594,430.01116943359375,468.509765625,508.4557189941406,562.7626342773438,620.2118530273438,684.1101684570312,769.4222412109375,852.3895263671875,972.2711791992188,1086.6500244140625,1205.6070556640625,1383.8848876953125,1564.10546875,1840.677734375,2426.578369140625,213.02976989746094
3,3, Ale,1.465746521949768,62.31287384033203,69.19056701660156,78.89076232910156,100.45751953125,117.92318725585938,137.0372772216797,153.87318420410156,171.93243408203125,187.6988983154297,196.50921630859375,217.09664916992188,223.33168029785156,214.75042724609375,208.55453491210938,207.4684600830078,207.0148162841797,208.88052368164062,210.2819366455078,215.8269805908203,227.78831481933594,232.5875701904297,234.4333038330078,236.81369018554688,236.5043182373047,240.26219177246094,242.91006469726562,244.73150634765625,251.10549926757812,255.0267333984375,253.5699005126953,262.6399230957031,264.6116943359375,269.1390075683594,273.7486877441406,275.8550720214844,279.9521484375,284.1809997558594,282.3279724121094,291.7860107421875,295.1663818359375,300.09423828125,294.9635314941406,295.6830139160156,306.8086242675781,320.81939697265625,333.2978210449219,347.8387756347656,359.72271728515625,368.5257263183594,399.28704833984375,446.4284973144531,508.0633850097656,571.0933837890625,640.1221313476562,722.1431884765625,833.7154541015625,915.2223510742188,995.3667602539062,1059.6005859375,1173.415771484375,1295.781005859375,1479.77392578125,1835.5869140625,141.00950622558594
3,4,mania,1.3080402612686157,59.64226150512695,62.61222839355469,69.74801635742188,85.46604919433594,108.82489013671875,121.13719940185547,131.85240173339844,139.7060546875,156.35671997070312,167.9124755859375,176.65394592285156,183.49974060058594,190.90936279296875,194.00848388671875,200.20260620117188,210.64401245117188,214.3006134033203,221.25958251953125,222.54823303222656,231.26022338867188,238.3298797607422,240.448486328125,242.6140899658203,240.24159240722656,242.52615356445312,244.86386108398438,246.92164611816406,251.2448272705078,258.7287292480469,262.0285949707031,273.8692932128906,266.596435546875,276.5679626464844,277.86126708984375,273.1334533691406,273.4795227050781,283.7345886230469,290.6920471191406,301.0267333984375,305.27825927734375,317.17987060546875,320.175048828125,323.9552917480469,339.18670654296875,363.9719543457031,386.9754638671875,419.1421203613281,440.35247802734375,457.16802978515625,504.5554504394531,525.3673095703125,578.4628295898438,634.0912475585938,701.3463134765625,760.6228637695312,833.5724487304688,965.162353515625,1060.501708984375,1185.57470703125,1342.082763671875,1502.4246826171875,1850.016845703125,2692.00048828125,210.85597229003906
3,5, es,1.6547905206680298,56.19119644165039,64.41281127929688,71.2763442993164,80.3958511352539,91.91038513183594,104.80812072753906,111.84819793701172,116.01732635498047,122.03748321533203,141.24339294433594,150.97650146484375,160.32565307617188,173.89215087890625,171.89495849609375,178.14013671875,198.29934692382812,208.8672637939453,211.47137451171875,209.05194091796875,215.69810485839844,221.4053192138672,223.05319213867188,224.33114624023438,220.40476989746094,223.8339385986328,231.0112762451172,243.05055236816406,247.09527587890625,250.7235107421875,257.0584716796875,256.6747741699219,261.9962463378906,274.0081787109375,285.5389099121094,283.30499267578125,279.92950439453125,292.1075439453125,290.4258117675781,295.2714538574219,296.7958984375,308.8758850097656,306.16796875,312.10223388671875,323.02252197265625,338.60595703125,356.3046875,368.865234375,385.22283935546875,411.2230224609375,457.0395202636719,477.59893798828125,539.0330200195312,586.3619384765625,640.2664794921875,698.2958984375,769.4874267578125,866.0494384765625,961.5198974609375,1045.1190185546875,1225.0484619140625,1399.5361328125,1664.019775390625,2309.59326171875,171.62506103515625
4,0,La,1.6246535778045654,81.67261505126953,109.55207824707031,138.9502716064453,143.7329864501953,15963.95703125,25722.044921875,28800.228515625,28800.09375,28953.42578125,28953.201171875,29183.072265625,29183.0703125,29259.892578125,29259.515625,29258.939453125,29262.513671875,29261.962890625,29261.341796875,29261.44921875,29265.994140625,29265.7578125,29265.87890625,29346.732421875,29347.56640625,29347.65234375,29348.4296875,29348.23828125,29350.33984375,29351.490234375,29352.09765625,29352.25,29353.634765625,29356.1484375,29434.845703125,29436.7109375,29609.53125,29611.484375,29765.375,30165.046875,30329.712890625,30484.19140625,30638.96875,30829.244140625,30822.064453125,30821.158203125,30820.53515625,30820.029296875,30819.466796875,30818.99609375,30814.68359375,30812.44921875,30812.326171875,30809.375,30807.771484375,30806.99609375,30806.3828125,30648.39453125,30488.408203125,30245.61328125,29607.798828125,23061.658203125,21268.4453125,17322.32421875,158.5264129638672
4,1, capit,1.3460025787353516,71.68692779541016,78.60477447509766,85.60079956054688,99.77793884277344,132.277587890625,143.02703857421875,152.1072235107422,156.47677612304688,167.20816040039062,192.19432067871094,212.45529174804688,221.8812713623047,223.87820434570312,230.76516723632812,234.95201110839844,239.78024291992188,245.51573181152344,250.68588256835938,252.4537811279297,257.9165954589844,262.6455993652344,262.53448486328125,263.0439453125,262.9470520019531,263.1478576660156,264.2602844238281,267.1739501953125,273.0047607421875,276.0009765625,280.1657409667969,284.623779296875,290.63031005859375,296.65679931640625,305.3830871582031,305.5521545410156,306.852294921875,308.126953125,303.9573974609375,308.478515625,315.82403564453125,327.9459533691406,323.60430908203125,327.82135009765625,341.68505859375,354.0018005371094,359.2270202636719,375.5768127441406,383.3541564941406,398.4464111328125,447.64434814453125,485.25091552734375,572.2849731445312,606.232666015625,677.6682739257812,733.8889770507812,818.5721435546875,913.9700927734375,990.9534301757812,1080.982421875,1203.7525634765625,1269.60205078125,1508.83154296875,1860.344970703125,125.13992309570312
4,2,ale,1.676797866821289,56.78287887573242,60.69910430908203,64.32289123535156,76.3788070678711,116.10997009277344,123.33714294433594,145.9209747314453,148.10916137695312,179.36265563964844,191.31802368164062,201.35733032226562,208.04129028320312,220.43296813964844,226.04327392578125,231.50738525390625,239.2750244140625,247.84239196777344,249.22222900390625,247.91358947753906,257.9128723144531,263.7236022949219,267.2204284667969,270.4229431152344,271.4471435546875,271.17999267578125,272.109619140625,278.0113220214844,280.8806457519531,289.6384582519531,297.5777587890625,304.24072265625,308.056640625,311.6101379394531,314.69281005859375,315.6255798339844,322.1962585449219,327.84423828125,328.46417236328125,331.54754638671875,335.525634765625,350.3680725097656,347.746826171875,350.3926696777344,357.9957275390625,385.50262451171875,404.7890319824219,428.8930969238281,445.81317138671875,473.65130615234375,526.1986083984375,555.8173828125,631.2280883789062,679.8773803710938,742.7922973632812,797.7361450195312,864.8900756835938,968.1459350585938,1057.5623779296875,1193.15185546875,1338.365966796875,1516.369384765625,1790.65380859375,2592.043701171875,205.38697814941406
4,3, della,1.4591914415359497,62.23652648925781,69.56877136230469,78.23991394042969,86.87875366210938,95.3389892578125,106.60240936279297,112.40864562988281,118.2438735961914,126.11132049560547,154.00958251953125,167.13101196289062,173.78964233398438,188.49688720703125,199.86329650878906,201.42198181152344,205.50486755371094,224.16534423828125,232.4636688232422,239.8345947265625,244.24427795410156,244.90142822265625,248.27569580078125,251.30552673339844,249.45819091796875,250.27398681640625,253.59124755859375,255.881103515625,254.76773071289062,258.8998718261719,261.2256164550781,269.97265625,270.0832824707031,274.2970275878906,271.45758056640625,272.4886474609375,272.7358703613281,280.4413757324219,274.254150390625,283.3714904785156,287.4555969238281,298.43206787109375,296.9102478027344,300.1860046386719,308.6541442871094,322.15234375,323.62042236328125,348.7945251464844,367.2150573730469,400.2153625488281,425.5301513671875,467.34637451171875,505.8528747558594,555.6043701171875,633.0706176757812,698.9218139648438,784.2525634765625,892.4730834960938,1029.34814453125,1168.3157958984375,1346.66259765625,1560.0458984375,1893.545166015625,2462.595703125,193.63807678222656
4,4, German,1.6298792362213135,62.19498062133789,68.83344268798828,76.80850219726562,88.86483764648438,122.79247283935547,133.52931213378906,139.06590270996094,144.28225708007812,161.7766571044922,168.56201171875,181.73065185546875,196.2991943359375,195.5030517578125,196.27589416503906,199.18052673339844,203.80259704589844,206.81529235839844,211.78529357910156,216.84544372558594,226.60975646972656,230.53802490234375,235.0852508544922,235.4732208251953,234.6265869140625,238.69456481933594,242.6144561767578,245.94949340820312,250.32357788085938,255.94479370117188,255.93734741210938,262.59735107421875,266.65740966796875,266.6760559082031,273.3400573730469,280.5206604003906,284.6289978027344,287.71124267578125,285.8551330566406,289.99212646484375,294.5914001464844,306.4756774902344,302.3313293457031,298.37445068359375,310.75909423828125,328.8958435058594,343.4902038574219,366.7020568847656,377.9872131347656,396.0138854980469,435.9632263183594,455.2328796386719,520.7532348632812,554.1033935546875,610.7149658203125,659.130859375,746.9830322265625,815.734619140625,916.517333984375,980.2106323242188,1091.506591796875,1188.04443359375,1399.627685546875,1832.7396240234375,142.66055297851562
4,5,ia,1.7990763187408447,51.84726333618164,56.56624984741211,62.79903030395508,78.06156921386719,101.25048828125,137.7889862060547,142.32400512695312,149.97979736328125,156.5972137451172,166.5995635986328,174.8224334716797,185.0669403076172,189.6273193359375,193.36744689941406,197.59580993652344,211.2930908203125,213.78387451171875,218.8138885498047,220.26434326171875,225.93125915527344,231.8323211669922,236.17800903320312,240.83120727539062,234.37014770507812,236.9686279296875,237.75257873535156,241.80471801757812,248.12957763671875,253.0890350341797,253.2513885498047,256.7098693847656,259.9625244140625,263.45574951171875,266.06488037109375,267.1642761230469,268.7117919921875,274.7743835449219,277.6340637207031,283.4803466796875,287.25537109375,300.5995178222656,293.97235107421875,292.3101806640625,308.8689270019531,334.4895935058594,351.9689636230469,378.03961181640625,396.2977294921875,413.1976013183594,443.0259094238281,472.9366149902344,542.7847290039062,580.5868530273438,626.4545288085938,662.8179931640625,723.003662109375,811.34130859375,875.47216796875,942.85498046875,1095.4342041015625,1251.500244140625,1619.1456298828125,2313.51953125,185.68214416503906
4,6, è,1.473136067390442,60.18149948120117,66.54373168945312,74.33909606933594,85.99433898925781,98.40109252929688,107.58584594726562,113.66124725341797,118.28480529785156,130.49453735351562,144.303466796875,152.9290313720703,158.7501220703125,173.4634552001953,175.51646423339844,178.32228088378906,197.73486328125,212.26393127441406,216.110595703125,212.10093688964844,214.81007385253906,224.3349151611328,228.78787231445312,231.31224060058594,223.09693908691406,222.97792053222656,227.75355529785156,236.6347198486328,238.5056610107422,247.72640991210938,250.8808135986328,250.5532989501953,255.28424072265625,265.4011535644531,276.5223693847656,277.0101623535156,271.719482421875,284.60980224609375,280.4183349609375,284.93585205078125,288.8905334472656,303.7122497558594,299.969482421875,304.5397644042969,313.1404113769531,334.1104736328125,349.8282470703125,361.33941650390625,379.1734924316406,399.2242736816406,443.5014343261719,461.244384765625,520.5708618164062,567.3355712890625,611.5109252929688,661.7637939453125,727.5181884765625,828.464599609375,923.3739013671875,1001.7442016601562,1184.816650390625,1346.4532470703125,1650.0177001953125,2249.90673828125,163.807861328125
5,0,A,1.8290331363677979,76.31072998046875,134.25758361816406,162.0989227294922,160.0883331298828,17183.677734375,26984.19140625,30023.658203125,30023.447265625,30176.544921875,30176.291015625,30405.51953125,30405.48828125,30481.90234375,30481.556640625,30480.943359375,30484.533203125,30484.009765625,30483.419921875,30483.576171875,30488.16796875,30487.94140625,30488.060546875,30568.453125,30569.27734375,30569.322265625,30570.095703125,30569.89453125,30571.9921875,30573.138671875,30573.75390625,30573.90625,30575.287109375,30577.783203125,30656.025390625,30657.875,30830.421875,30832.83203125,30986.32421875,31385.849609375,31550.724609375,31704.857421875,31859.31640625,32049.44921875,32042.220703125,32041.2734375,32040.634765625,32039.962890625,32039.248046875,32038.8671875,32034.494140625,32031.998046875,32031.67578125,32028.6796875,32027.0390625,32026.212890625,32025.568359375,31867.818359375,31708.05078125,31465.275390625,30749.046875,23954.6484375,22054.298828125,17771.13671875,148.2014923095703
5,1, capital,1.621339201927185,75.13003540039062,81.8646240234375,88.09141540527344,94.6987075805664,122.71389770507812,134.906494140625,145.2891845703125,158.05300903320312,177.900146484375,197.2690887451172,217.9119873046875,228.7289276123047,220.10055541992188,225.1224822998047,228.43321228027344,228.31710815429688,232.56809997558594,236.03909301757812,239.87396240234375,243.6642303466797,249.67027282714844,251.547607421875,254.7981719970703,254.72850036621094,253.3456573486328,252.75018310546875,254.89881896972656,254.2495574951172,255.04696655273438,258.89569091796875,271.26141357421875,276.35467529296875,279.1507568359375,285.5584716796875,291.7493896484375,297.28594970703125,300.8880310058594,298.3487854003906,302.9353942871094,309.32965087890625,323.96905517578125,318.1943359375,316.85736083984375,328.06085205078125,347.5407409667969,360.0897216796875,389.3717956542969,397.6273498535156,415.1072998046875,487.92034912109375,518.2605590820312,598.9974975585938,643.4334716796875,707.32275390625,770.9838256835938,851.0872192382812,928.7711791992188,1012.485595703125,1100.9591064453125,1211.757080078125,1329.0234375,1575.6446533203125,2071.44482421875,188.6006317138672
5,2, da,1.6450932025909424,58.725948333740234,65.627197265625,74.34306335449219,83.90045166015625,100.77110290527344,112.513671875,122.92115783691406,132.14259338378906,149.15234375,162.20703125,170.39796447753906,195.1566162109375,207.71926879882812,212.4099884033203,216.87242126464844,227.1950225830078,238.1060028076172,240.29641723632812,241.0892333984375,249.49649047851562,252.14134216308594,253.68930053710938,254.8225555419922,253.5682830810547,252.2035675048828,254.96408081054688,265.1178894042969,266.62420654296875,272.9846496582031,283.5417175292969,293.47186279296875,299.5654602050781,303.7710266113281,306.9950256347656,308.46636962890625,313.90960693359375,322.35394287109375,323.0377197265625,331.4649658203125,331.39910888671875,338.41119384765625,336.675537109375,339.57513427734375,343.8716735839844,357.6224060058594,365.1272277832031,383.9780578613281,396.5467224121094,432.6686096191406,460.9384460449219,492.7923278808594,542.1409301757812,590.3461303710938,659.6954956054688,726.2319946289062,816.6331787109375,922.472900390625,1054.62646484375,1181.3214111328125,1333.6195068359375,1509.81005859375,1792.2530517578125,2333.0078125,213.34962463378906
5,3, Ale,1.465746521949768,64.16191101074219,71.6875,80.0376205444336,102.5869140625,122.455810546875,142.65122985839844,157.3185272216797,178.07363891601562,189.88577270507812,196.4330291748047,213.40139770507812,218.68714904785156,213.86117553710938,209.06451416015625,212.1974639892578,219.91018676757812,217.33541870117188,215.7868194580078,218.24510192871094,227.7888641357422,232.35325622558594,233.85281372070312,238.50997924804688,237.6156768798828,240.78427124023438,244.695068359375,244.83323669433594,249.5831298828125,250.7685546875,247.65182495117188,253.95077514648438,251.40496826171875,250.34861755371094,253.02749633789062,255.88897705078125,263.06097412109375,266.5418701171875,267.3669738769531,275.58123779296875,277.4552307128906,281.0926818847656,276.7600402832031,278.8028869628906,287.0299377441406,297.58831787109375,304.64404296875,317.95330810546875,329.9591979980469,340.3457946777344,373.717041015625,431.6258850097656,491.21868896484375,565.5736694335938,632.11474609375,712.8081665039062,811.2268676757812,881.788818359375,966.988037109375,1037.735107421875,1143.1239013671875,1257.3154296875,1430.0955810546875,1788.1583251953125,136.2166290283203
5,4,man,1.7413259744644165,53.04954147338867,58.574459075927734,66.03874969482422,84.07556915283203,111.28912353515625,125.57830810546875,143.43389892578125,159.7235565185547,173.98216247558594,178.30938720703125,196.75965881347656,206.42626953125,208.08090209960938,208.37872314453125,214.14849853515625,215.02725219726562,218.59710693359375,224.27334594726562,229.98570251464844,244.84963989257812,254.24371337890625,256.1637268066406,256.5970458984375,253.46022033691406,257.70477294921875,263.6202697753906,264.598876953125,269.7879333496094,273.03106689453125,274.1187744140625,289.3595275878906,280.6789855957031,284.61492919921875,292.88031005859375,294.3301086425781,298.511474609375,306.44305419921875,305.2779846191406,313.2696228027344,315.3851623535156,326.60443115234375,325.89190673828125,325.97003173828125,343.7622985839844,356.84637451171875,377.7711181640625,407.34918212890625,420.21673583984375,443.72967529296875,493.7148742675781,484.0584716796875,563.1217651367188,571.0620727539062,623.1830444335938,652.6648559570312,709.8316040039062,774.5390014648438,833.6917724609375,881.3934936523438,955.5204467773438,1056.394775390625,1252.2413330078125,1699.432373046875,128.0939178466797
5,5,ha,1.6601020097732544,52.14670944213867,55.62841033935547,60.270118713378906,74.75826263427734,97.9103775024414,109.91514587402344,121.00641632080078,124.06333923339844,138.30111694335938,147.0875701904297,158.77944946289062,161.43353271484375,166.2713623046875,172.36019897460938,178.15313720703125,199.02439880371094,199.8319091796875,210.99354553222656,208.55406188964844,215.7397918701172,222.63673400878906,225.62664794921875,230.83570861816406,227.97279357910156,229.2178497314453,232.55796813964844,239.37545776367188,244.10186767578125,250.06942749023438,256.7822570800781,261.0626525878906,258.958984375,264.5310974121094,263.7924499511719,262.26397705078125,263.46136474609375,281.25482177734375,288.289306640625,297.4400939941406,300.7459411621094,313.4457702636719,316.5029296875,317.6272277832031,330.5341491699219,357.54583740234375,380.3859558105469,408.7750244140625,428.2652587890625,442.87237548828125,480.7785949707031,499.1463623046875,557.3433227539062,616.0541381835938,680.6277465820312,736.508544921875,809.4268188476562,932.4306640625,1025.787353515625,1137.832275390625,1302.8660888671875,1461.703857421875,1782.193359375,2617.9228515625,210.8612060546875
5,6, é,1.5965383052825928,54.472965240478516,61.501888275146484,67.54136657714844,80.0776138305664,91.11431121826172,103.11045837402344,110.42180633544922,115.0606689453125,118.80680847167969,135.94894409179688,142.69906616210938,156.00360107421875,168.46238708496094,175.7419891357422,179.46603393554688,197.5278778076172,207.3447723388672,208.1927947998047,205.12405395507812,213.03878784179688,220.45631408691406,220.5593719482422,224.09494018554688,219.6575469970703,222.2899169921875,227.65992736816406,239.10020446777344,242.89259338378906,249.3925018310547,255.43780517578125,253.59046936035156,257.13665771484375,267.91705322265625,278.017822265625,277.73382568359375,271.82586669921875,280.0096740722656,278.5416259765625,284.1937561035156,286.3548889160156,299.0298156738281,297.5859069824219,305.4810791015625,316.8277587890625,334.3885498046875,347.0775146484375,363.29095458984375,380.3251953125,402.30438232421875,445.0367126464844,466.75384521484375,522.9712524414062,572.7764282226562,629.3106689453125,686.482421875,760.9817504882812,850.1494750976562,937.7734985351562,1027.4639892578125,1207.9561767578125,1385.1429443359375,1662.6490478515625,2293.273193359375,179.03248596191406
6,0,Ст,1.3591828346252441,75.94773864746094,92.76679229736328,121.75479125976562,132.20526123046875,16377.66015625,26075.3046875,29114.47265625,29114.314453125,29267.724609375,29267.50390625,29497.162109375,29497.126953125,29573.662109375,29573.3203125,29572.78125,29576.38671875,29575.849609375,29575.232421875,29575.3671875,29579.86328125,29579.623046875,29579.7265625,29660.29296875,29661.130859375,29661.16796875,29661.94140625,29661.728515625,29663.81640625,29664.970703125,29665.58984375,29665.740234375,29667.111328125,29669.6171875,29748.025390625,29749.8828125,29922.84765625,29923.50390625,30077.443359375,30476.638671875,30641.873046875,30796.3515625,30951.166015625,31141.46484375,31134.15234375,31133.25,31132.6328125,31132.1484375,31131.560546875,31131.123046875,31126.849609375,31124.501953125,31124.36328125,31121.46484375,31119.845703125,31119.095703125,31118.484375,30960.478515625,30800.55859375,30557.439453125,29918.970703125,23327.58203125,21535.14453125,17611.458984375,147.000732421875
6,1,ол,1.5729026794433594,62.57814025878906,66.18893432617188,71.9808120727539,87.30477142333984,120.93399047851562,161.4042205810547,175.4169158935547,183.37762451171875,205.4567108154297,222.21560668945312,241.17848205566406,244.6929473876953,251.42715454101562,254.00067138671875,261.2664794921875,260.0224609375,262.94677734375,268.23529052734375,268.7212219238281,273.7203674316406,279.3687438964844,277.82421875,276.52587890625,275.4283752441406,275.34466552734375,277.7433166503906,279.14215087890625,283.6241455078125,288.1805114746094,290.1018371582031,295.3275451660156,302.1678161621094,306.74285888671875,316.1885681152344,316.8265380859375,321.3993225097656,325.2234802246094,319.616455078125,328.19366455078125,331.8816833496094,338.4768981933594,332.27447509765625,331.599853515625,340.8680114746094,354.228515625,357.7834167480469,369.58203125,382.07757568359375,408.2696228027344,455.4775085449219,491.4651184082031,576.8499145507812,641.6996459960938,728.0635986328125,780.1419067382812,860.4583740234375,929.6869506835938,996.5536499023438,1067.8685302734375,1170.8553466796875,1273.47314453125,1465.485107421875,1886.6593017578125,200.2270050048828
6,2,и,1.6611568927764893,52.08305358886719,54.352535247802734,58.16653823852539,73.52110290527344,95.77722930908203,120.58140563964844,142.874267578125,150.90696716308594,175.90538024902344,183.21266174316406,203.15049743652344,207.32937622070312,212.38421630859375,218.29190063476562,224.15003967285156,225.5902862548828,234.03140258789062,238.02183532714844,239.92022705078125,245.93545532226562,252.59544372558594,254.36058044433594,253.15261840820312,255.71983337402344,256.49853515625,259.3665771484375,262.21600341796875,266.00677490234375,270.8252868652344,275.4010009765625,282.5247497558594,287.5272521972656,290.6534423828125,294.5950927734375,303.0566101074219,309.45806884765625,315.8594055175781,312.6865539550781,315.6334533691406,317.3642578125,326.18206787109375,324.311279296875,323.19659423828125,329.235107421875,349.01678466796875,356.7950744628906,370.85589599609375,382.31298828125,400.5037536621094,442.72430419921875,472.233154296875,553.6784057617188,592.7120971679688,664.0852661132812,703.0244750976562,762.0919189453125,834.8741455078125,895.3118286132812,997.4366455078125,1096.933837890625,1211.6829833984375,1449.6827392578125,1962.6434326171875,166.35353088378906
6,3,ца,1.37808358669281,57.127384185791016,58.99544906616211,60.624332427978516,75.99752807617188,96.60955047607422,127.64300537109375,151.6601104736328,153.08633422851562,169.8993377685547,178.725830078125,196.82949829101562,198.43930053710938,209.14027404785156,216.06044006347656,218.67431640625,221.37075805664062,233.9827423095703,240.13784790039062,238.90164184570312,245.94515991210938,250.38426208496094,253.4150390625,254.95343017578125,257.5579833984375,259.3773193359375,260.8839111328125,264.57904052734375,265.1534729003906,272.11334228515625,282.6357116699219,290.7156982421875,290.96368408203125,295.4434814453125,296.4534606933594,298.1038818359375,304.9239196777344,310.50897216796875,310.1148376464844,316.3506164550781,319.9855651855469,333.0394592285156,329.0587158203125,329.8543701171875,335.6570129394531,361.86004638671875,374.4176025390625,402.4335021972656,424.8343505859375,456.560302734375,503.0231018066406,537.061767578125,607.0390625,657.7577514648438,723.6827392578125,790.7244873046875,854.9043579101562,948.9072875976562,1036.76025390625,1144.971435546875,1288.79638671875,1471.0302734375,1746.6861572265625,2375.03759765625,234.00442504882812
6,4, Г,1.490755319595337,60.39420700073242,70.09508514404297,78.9981689453125,94.26666259765625,104.32715606689453,115.73944854736328,120.22470092773438,127.66276550292969,137.65292358398438,150.87754821777344,171.5610809326172,189.7524871826172,182.2829132080078,180.0101776123047,182.950439453125,184.36016845703125,187.1598358154297,190.63864135742188,192.0244903564453,196.87779235839844,201.64859008789062,201.64410400390625,208.6508331298828,210.89654541015625,215.74008178710938,215.70550537109375,217.57752990722656,225.67111206054688,228.29296875,230.2451934814453,245.68418884277344,244.8977813720703,247.1278076171875,250.76443481445312,256.9226989746094,262.1212463378906,270.0607604980469,268.2088623046875,275.7591857910156,276.69415283203125,284.716064453125,279.4245300292969,279.03851318359375,290.6933288574219,306.6445007324219,308.2431945800781,324.55841064453125,339.6324768066406,364.38995361328125,417.27520751953125,453.4776306152344,507.7696838378906,561.1607055664062,624.8763427734375,691.54296875,804.1005249023438,928.5586547851562,1026.5107421875,1129.26806640625,1204.6103515625,1302.7822265625,1474.90673828125,1917.2247314453125,165.85069274902344
6,5,ер,1.60139799118042,59.69671630859375,64.52835845947266,73.99852752685547,93.32463836669922,114.75315856933594,153.8756561279297,162.27069091796875,166.55494689941406,179.28736877441406,193.1774139404297,212.31166076660156,221.37701416015625,219.81231689453125,218.20230102539062,219.60435485839844,215.88201904296875,214.44955444335938,215.9861602783203,219.7467498779297,227.6877899169922,234.31597900390625,235.87643432617188,239.35162353515625,240.68878173828125,246.5458984375,251.61830139160156,253.6101837158203,257.55010986328125,255.0662384033203,255.1203155517578,263.91473388671875,265.5711364746094,269.83953857421875,272.89190673828125,276.70684814453125,283.36309814453125,289.28424072265625,287.2603759765625,294.98651123046875,299.30462646484375,305.44268798828125,300.051025390625,296.8915710449219,304.6067810058594,312.33734130859375,319.91668701171875,334.1944885253906,345.0980529785156,357.59381103515625,404.2924499511719,441.53729248046875,506.9960021972656,552.1903686523438,655.2374877929688,718.041259765625,825.4458618164062,905.5296630859375,998.602783203125,1071.0634765625,1150.6898193359375,1254.810546875,1434.9940185546875,1712.68798828125,160.07608032226562
6,6,м,1.5737574100494385,51.661170959472656,54.55268478393555,62.98729705810547,78.11589050292969,110.35689544677734,124.42469024658203,129.04701232910156,139.88072204589844,160.1844940185547,167.16490173339844,188.61428833007812,198.68260192871094,201.00680541992188,199.28753662109375,203.38954162597656,205.1419219970703,209.22647094726562,214.36903381347656,219.54214477539062,235.06918334960938,245.2461700439453,249.8511962890625,249.67630004882812,247.58326721191406,253.9748992919922,258.6968078613281,260.5554504394531,266.08514404296875,268.5793151855469,270.70318603515625,283.5860900878906,286.15545654296875,290.3568115234375,293.5122985839844,293.3905029296875,299.838134765625,306.5186767578125,304.33892822265625,309.5177001953125,314.361328125,327.0254211425781,326.20574951171875,328.4153137207031,347.5702819824219,365.778564453125,386.9273376464844,414.6231994628906,430.1591491699219,453.4378662109375,515.1036376953125,507.6077575683594,577.1262817382812,596.8021240234375,648.3001098632812,676.6358642578125,732.3072509765625,787.5559692382812,867.89404296875,932.5252685546875,988.0139770507812,1160.0870361328125,1356.03173828125,1726.1416015625,136.08016967773438
6,7,ании,1.317554235458374,51.89703369140625,54.21330261230469,58.77158737182617,69.72476959228516,96.36027526855469,113.90255737304688,123.03278350830078,132.08273315429688,148.36581420898438,152.9940643310547,159.8064422607422,166.88771057128906,174.06927490234375,181.5616455078125,185.46131896972656,205.6532440185547,210.04722595214844,217.01962280273438,214.4727325439453,221.04100036621094,226.52023315429688,230.23744201660156,233.81857299804688,233.601318359375,236.59555053710938,239.3690643310547,247.2654266357422,251.2881622314453,253.82467651367188,257.4786376953125,261.9520568847656,266.15081787109375,272.75994873046875,268.7633056640625,266.1399841308594,270.9690856933594,281.2671203613281,283.22698974609375,291.472900390625,298.50933837890625,314.5290222167969,309.97186279296875,311.2618713378906,321.6901550292969,347.95843505859375,371.9829406738281,396.7951354980469,415.123779296875,431.8792419433594,474.5314025878906,508.0480651855469,578.1635131835938,642.935302734375,701.6853637695312,764.86962890625,818.1367797851562,922.2034301757812,993.9886474609375,1082.755615234375,1224.5419921875,1431.864990234375,1708.142578125,2463.7392578125,239.59774780273438
6,8, —,1.6941839456558228,61.089332580566406,72.83733367919922,80.74870300292969,90.9971694946289,100.31362915039062,108.44169616699219,130.64158630371094,135.4804229736328,141.80751037597656,154.26565551757812,169.1621551513672,184.2945556640625,189.04005432128906,192.82373046875,195.5336456298828,207.34661865234375,212.68914794921875,214.43218994140625,212.50064086914062,215.50135803222656,220.86216735839844,222.1933135986328,226.22714233398438,224.3017578125,225.6080780029297,226.10621643066406,227.91209411621094,234.30804443359375,238.5926055908203,237.60691833496094,246.0158233642578,264.2286376953125,271.1248474121094,273.27880859375,277.72943115234375,275.0815124511719,279.6798095703125,282.09552001953125,284.59466552734375,289.6351623535156,305.0077209472656,296.1434631347656,300.3373107910156,316.91729736328125,335.6654968261719,345.8773193359375,365.23944091796875,393.7570495605469,415.9590759277344,483.9085693359375,513.6181640625,576.087890625,650.1356201171875,696.51708984375,756.8153076171875,836.1085205078125,945.4088745117188,1015.3379516601562,1102.1097412109375,1206.2149658203125,1401.2830810546875,1627.3978271484375,2288.7900390625,215.90701293945312
7,0,ドイツ,1.0367963314056396,85.77972412109375,98.55826568603516,114.58990478515625,123.5511703491211,15999.666015625,25882.58203125,28929.77734375,28929.65234375,29082.923828125,29082.70703125,29312.2265625,29312.251953125,29388.7578125,29388.435546875,29387.912109375,29391.580078125,29391.06640625,29390.458984375,29390.5859375,29395.16015625,29394.9296875,29395.05859375,29475.599609375,29476.470703125,29476.564453125,29477.310546875,29477.099609375,29479.154296875,29480.34375,29480.974609375,29481.13671875,29482.560546875,29485.10546875,29563.458984375,29565.359375,29738.212890625,29738.87109375,29892.64453125,30292.109375,30456.982421875,30611.37109375,30766.130859375,30956.404296875,30950.802734375,30949.7890625,30949.1953125,30948.693359375,30948.134765625,30947.6875,30943.408203125,30941.060546875,30940.896484375,30937.962890625,30936.3828125,30935.62890625,30935.0390625,30777.20703125,30617.392578125,30374.5078125,29736.7109375,23118.69921875,21325.109375,17374.01953125,152.94248962402344
7,1,の,1.7100269794464111,64.97057342529297,73.51065063476562,77.35774230957031,82.58019256591797,108.09835052490234,119.71864318847656,128.3382110595703,134.17535400390625,147.0555877685547,163.5583953857422,186.13522338867188,197.5174102783203,200.0236358642578,204.15150451660156,209.3522491455078,212.85226440429688,225.78138732910156,237.1169891357422,238.99803161621094,248.18405151367188,256.9454040527344,254.49842834472656,255.1239471435547,258.1600036621094,261.678466796875,264.5877685546875,266.9683837890625,273.3104553222656,280.4127502441406,286.88360595703125,296.2395324707031,300.53424072265625,306.0567626953125,315.5854187011719,316.0827331542969,324.6147766113281,333.9676513671875,325.9924621582031,334.7589111328125,341.4429626464844,348.8080139160156,345.8269958496094,344.7330627441406,353.6373596191406,378.5258483886719,396.6297912597656,427.1236877441406,442.0409240722656,460.3065490722656,516.968505859375,560.6458129882812,608.6200561523438,681.9703369140625,762.6195678710938,844.1370849609375,941.71533203125,1063.8846435546875,1170.79443359375,1291.1204833984375,1402.472412109375,1533.1533203125,1851.4381103515625,2460.48193359375,242.22979736328125
7,2,首都,1.4543707370758057,72.68289184570312,77.3902587890625,81.50175476074219,106.53568267822266,123.51689910888672,129.16189575195312,137.2657928466797,138.1656036376953,161.86941528320312,172.75613403320312,190.7135009765625,196.67694091796875,198.9759521484375,197.67434692382812,200.88795471191406,203.94210815429688,216.4414520263672,222.87197875976562,221.254150390625,228.43321228027344,234.19532775878906,237.3648681640625,240.20343017578125,239.5191192626953,242.7602081298828,246.36087036132812,256.526123046875,261.23565673828125,270.02325439453125,277.03106689453125,282.0817565917969,281.85491943359375,287.73858642578125,287.3110046386719,288.5826721191406,294.57342529296875,300.6946716308594,302.4255065917969,310.7216796875,318.0487060546875,335.1785888671875,331.64813232421875,339.81634521484375,353.39398193359375,379.3680725097656,405.558837890625,423.5091247558594,434.2949523925781,456.9323425292969,505.2317810058594,539.6254272460938,597.73828125,655.2042846679688,721.8575439453125,785.2415771484375,864.3909912109375,971.9789428710938,1041.0458984375,1139.541259765625,1250.7967529296875,1460.984375,1780.80615234375,2330.67626953125,215.7224578857422
7,3,は,1.619713306427002,60.842529296875,67.09221649169922,73.14505004882812,79.36603546142578,89.68081665039062,103.38153076171875,110.39927673339844,114.40771484375,121.52359008789062,139.42257690429688,156.54461669921875,166.76832580566406,179.4967498779297,183.56268310546875,188.98593139648438,192.04640197753906,201.2925262451172,208.3372344970703,211.65367126464844,216.8390350341797,225.0611572265625,227.8867645263672,231.79806518554688,225.6096954345703,227.3101348876953,231.7188262939453,242.57861328125,252.5073699951172,254.34559631347656,258.3645935058594,255.85299682617188,263.24945068359375,275.6473693847656,288.2297668457031,290.380126953125,285.19769287109375,293.03533935546875,293.50103759765625,302.2978515625,301.3856201171875,312.526123046875,311.4332580566406,320.27728271484375,337.71929931640625,349.702392578125,369.9468994140625,382.0671081542969,395.8753967285156,422.5327453613281,473.6355895996094,502.71087646484375,567.2041625976562,633.343505859375,703.9074096679688,762.6965942382812,841.3916625976562,952.2286987304688,1027.2474365234375,1121.65673828125,1263.2464599609375,1424.820556640625,1676.1246337890625,2157.2568359375,224.13328552246094
8,0,德国,1.5093193054199219,84.08326721191406,107.35675048828125,124.75984954833984,127.50301361083984,14305.830078125,23894.30859375,26934.65234375,27011.203125,27088.830078125,27126.8125,27318.1640625,27318.29296875,27395.509765625,27395.189453125,27394.66015625,27398.923828125,27399.017578125,27398.509765625,27398.705078125,27402.66015625,27402.990234375,27403.25390625,27406.73046875,27407.603515625,27407.693359375,27408.451171875,27408.2421875,27410.390625,27411.56640625,27412.166015625,27412.388671875,27413.845703125,27416.419921875,27494.736328125,27496.685546875,27669.44921875,27670.19921875,27824.6328125,28224.904296875,28390.27734375,28545.044921875,28700.14453125,28897.810546875,28893.376953125,28891.94140625,28890.80078125,28890.32421875,28889.19921875,28888.208984375,28884.59375,28882.833984375,28882.740234375,28879.849609375,28877.20703125,28875.939453125,28874.302734375,28716.71484375,28557.20703125,28313.755859375,27755.431640625,21447.384765625,19706.3671875,16238.4697265625,158.1754608154297
8,1,的,1.739618182182312,52.77997970581055,66.0936050415039,72.96247100830078,77.6698226928711,106.3469009399414,121.73900604248047,128.78936767578125,132.34556579589844,142.6859893798828,160.1789093017578,178.44288635253906,187.4044189453125,193.228759765625,198.98019409179688,204.54232788085938,206.95840454101562,214.6466522216797,223.19557189941406,227.10317993164062,233.04954528808594,240.8859100341797,241.122802734375,246.3948211669922,248.83607482910156,248.48239135742188,251.78390502929688,255.6553955078125,256.6644592285156,262.3056335449219,270.2664489746094,280.7493591308594,285.0982666015625,294.3346862792969,305.6503601074219,306.3333435058594,314.85205078125,324.0441589355469,314.6180725097656,326.1109313964844,333.59228515625,342.193603515625,340.33349609375,339.3776550292969,344.1803283691406,368.0334777832031,387.2218017578125,420.9355163574219,444.5260009765625,467.1462707519531,533.6210327148438,578.3646240234375,640.685546875,717.0685424804688,788.3580322265625,865.9336547851562,968.7518920898438,1060.64794921875,1134.443603515625,1212.7269287109375,1316.206298828125,1398.66357421875,1638.3521728515625,2187.60888671875,197.4558563232422
8,2,首,1.644084095954895,69.1126708984375,76.94576263427734,82.5503158569336,90.61875915527344,121.4046401977539,128.5982208251953,134.69363403320312,137.95831298828125,146.27508544921875,162.6015167236328,183.475341796875,188.89276123046875,188.65977478027344,193.74960327148438,198.22622680664062,200.69677734375,206.47906494140625,205.013916015625,207.33949279785156,212.24635314941406,214.75460815429688,217.66720581054688,219.39859008789062,220.7434539794922,221.9743194580078,223.04110717773438,228.31556701660156,229.03770446777344,233.88751220703125,235.36428833007812,236.21694946289062,236.98672485351562,240.1886444091797,241.73037719726562,249.49679565429688,251.56591796875,262.7530517578125,260.4450378417969,271.0692138671875,278.2376708984375,291.17767333984375,291.9398498535156,306.48992919921875,317.30401611328125,345.3247985839844,362.3710632324219,370.2508239746094,381.71771240234375,415.2176818847656,461.5727844238281,509.3701171875,596.5072021484375,653.0164794921875,720.0062866210938,782.8916625976562,858.4327392578125,935.7802124023438,998.9180908203125,1079.1434326171875,1149.2108154296875,1273.80859375,1460.1597900390625,1921.58984375,138.27810668945312
8,3,都是,1.5973644256591797,63.08119583129883,67.18169403076172,73.60366821289062,92.6951904296875,123.08454895019531,136.03611755371094,140.5181121826172,142.505126953125,157.5601348876953,164.77011108398438,176.74539184570312,178.7063446044922,184.7339630126953,181.92079162597656,186.20338439941406,190.5689239501953,198.96737670898438,200.61026000976562,199.86973571777344,206.9848175048828,213.9033966064453,218.50242614746094,220.5353240966797,218.0187530517578,221.64300537109375,226.57412719726562,231.1778106689453,236.74913024902344,247.1042938232422,255.12234497070312,255.67355346679688,257.4062194824219,268.4425964355469,273.5910949707031,272.5722961425781,272.7398376464844,282.1038818359375,286.6160888671875,296.8352355957031,301.17742919921875,307.5818176269531,303.9533386230469,310.3429260253906,326.1247253417969,355.4746398925781,380.8670349121094,385.10577392578125,399.1071472167969,433.59765625,478.5605773925781,510.81304931640625,572.8177490234375,616.2313842773438,690.331787109375,750.283447265625,809.506591796875,896.2457275390625,965.1495971679688,1033.9769287109375,1130.448486328125,1249.6787109375,1506.6396484375,2090.19580078125,127.76226043701172
9,0,독,1.3026221990585327,82.66413879394531,91.21043395996094,104.44884490966797,123.57317352294922,14057.87109375,23968.45703125,27055.40625,27131.736328125,27247.92578125,27285.69140625,27476.439453125,27476.51171875,27553.25390625,27552.921875,27552.359375,27556.623046875,27556.7109375,27556.154296875,27556.3046875,27560.25,27559.97265625,27560.13671875,27640.431640625,27641.29296875,27641.3828125,27642.12890625,27641.919921875,27643.96875,27645.1484375,27645.787109375,27645.9453125,27647.376953125,27649.9140625,27728.14453125,27730.05078125,27902.623046875,27903.345703125,28057.65234375,28457.279296875,28622.51953125,28777.140625,28932.712890625,29129.814453125,29124.810546875,29123.248046875,29122.103515625,29121.65625,29120.544921875,29119.533203125,29116.02734375,29114.37109375,29114.283203125,29111.380859375,29109.142578125,29107.84765625,29106.203125,28948.70703125,28789.302734375,28545.48828125,27986.33203125,21600.7265625,19812.869140625,16540.177734375,168.71730041503906
9,1,일,1.536991000175476,62.75279235839844,65.6188735961914,71.64276123046875,83.36811065673828,104.31891632080078,113.41400909423828,122.65133666992188,128.82839965820312,162.58766174316406,180.05845642089844,202.31678771972656,209.6100311279297,216.24668884277344,220.9016571044922,227.99278259277344,229.2509765625,238.9452667236328,244.89254760742188,247.21636962890625,255.37521362304688,263.2101745605469,260.74078369140625,260.2588195800781,261.4878845214844,266.6229553222656,270.8294677734375,273.84930419921875,277.4783630371094,282.95770263671875,286.0115661621094,292.0073547363281,297.14837646484375,300.4395446777344,306.4516296386719,305.45794677734375,318.18359375,330.8751525878906,324.8829345703125,334.5758972167969,344.2700500488281,352.6022033691406,351.1086120605469,348.8234558105469,359.436767578125,384.7898864746094,398.6714172363281,421.4089050292969,437.76446533203125,458.0925598144531,511.2535705566406,543.7605590820312,606.7135620117188,675.0565185546875,762.118896484375,822.2965698242188,892.1893920898438,977.4603271484375,1054.2279052734375,1130.87939453125,1246.231201171875,1316.2862548828125,1642.926513671875,2224.64794921875,212.4390411376953
9,2,의,1.6096584796905518,59.803585052490234,66.3558349609375,70.78684997558594,87.66500091552734,98.95561218261719,107.39331817626953,113.33380126953125,116.7308120727539,123.31737518310547,139.79954528808594,162.50059509277344,176.5247344970703,178.27386474609375,184.75286865234375,190.2691192626953,198.65464782714844,215.1213836669922,220.22332763671875,221.26087951660156,221.8047637939453,223.31825256347656,223.32308959960938,224.4730224609375,226.03964233398438,228.23464965820312,236.65333557128906,240.8020782470703,243.7948455810547,244.6058807373047,247.5196075439453,252.50914001464844,257.9692077636719,256.27777099609375,260.2799072265625,268.2124938964844,270.1702880859375,269.81243896484375,264.6997985839844,271.3893737792969,274.67791748046875,293.11981201171875,293.42034912109375,294.18609619140625,310.44610595703125,340.4720764160156,360.8465576171875,384.1783142089844,410.0893859863281,429.0408935546875,485.22076416015625,528.8643188476562,599.0601196289062,668.7276611328125,742.6846923828125,821.530517578125,912.4166870117188,1027.500732421875,1124.747314453125,1228.5809326171875,1373.8251953125,1478.40625,1815.6998291015625,2456.583740234375,223.9591827392578
9,3, 수도,1.085254430770874,84.4660415649414,87.49047088623047,91.51786041259766,101.96839141845703,117.85086059570312,139.04005432128906,146.69314575195312,148.28163146972656,170.8651885986328,184.5784912109375,197.9686737060547,203.22616577148438,208.03021240234375,213.7601776123047,217.04380798339844,224.9238739013672,232.5245361328125,237.783935546875,237.4702606201172,243.97824096679688,246.72311401367188,248.35791015625,250.5078582763672,249.22120666503906,250.9895477294922,255.97073364257812,265.9458312988281,270.11102294921875,272.9448547363281,277.58685302734375,281.00140380859375,281.32177734375,283.8616943359375,282.7515869140625,285.22650146484375,290.0373840332031,292.99578857421875,295.007568359375,301.7265625,307.5983581542969,322.00604248046875,317.846923828125,324.2913513183594,337.8153076171875,363.5796203613281,392.92333984375,406.0046081542969,415.2513122558594,436.848876953125,474.7496337890625,501.7380676269531,567.748779296875,618.2719116210938,685.3309936523438,742.526123046875,822.9113159179688,932.0966186523438,993.021484375,1079.504150390625,1247.4722900390625,1428.05029296875,1743.2623291015625,2246.819580078125,204.9326934814453
9,4,는,1.5557959079742432,61.06588363647461,65.1794204711914,70.07549285888672,76.7553939819336,84.72506713867188,95.34598541259766,99.07501220703125,102.53135681152344,105.21380615234375,121.45946502685547,137.4116668701172,147.3076934814453,156.17190551757812,161.18702697753906,165.76235961914062,178.57809448242188,190.83741760253906,195.46798706054688,196.6388702392578,201.99217224121094,208.4993438720703,211.09439086914062,219.30958557128906,212.27392578125,216.4095001220703,221.16827392578125,229.7272491455078,239.46176147460938,242.0910186767578,246.05596923828125,245.4431610107422,253.12628173828125,268.3114013671875,280.4962463378906,276.72320556640625,270.0016784667969,277.6125183105469,277.0081787109375,283.38360595703125,281.50250244140625,296.58123779296875,292.6699523925781,302.8550720214844,321.5352478027344,331.9725036621094,353.1700744628906,362.63165283203125,380.8038635253906,404.15264892578125,450.66094970703125,476.72021484375,550.460693359375,602.4255981445312,671.6844482421875,734.3934936523438,795.0872192382812,925.20458984375,990.3628540039062,1072.3387451171875,1200.4066162109375,1335.6995849609375,1611.4886474609375,2055.254150390625,211.94277954101562
10,0,Ho,1.4443647861480713,81.35001373291016,103.08897399902344,135.3795928955078,141.59756469726562,17046.669921875,26791.146484375,29868.990234375,29868.748046875,30022.13671875,30021.8671875,30251.763671875,30251.734375,30328.541015625,30328.1953125,30327.578125,30331.16796875,30330.626953125,30330.0,30330.150390625,30334.728515625,30334.478515625,30334.630859375,30415.490234375,30416.32421875,30416.361328125,30417.130859375,30416.94140625,30419.052734375,30420.255859375,30420.880859375,30421.033203125,30422.42578125,30424.962890625,30503.609375,30505.4921875,30678.259765625,30679.443359375,30833.19921875,31232.802734375,31397.904296875,31552.3125,31707.025390625,31897.2421875,31890.052734375,31889.11328125,31888.48828125,31887.876953125,31887.1796875,31886.736328125,31882.396484375,31880.037109375,31879.888671875,31876.89453125,31875.28515625,31874.5078125,31873.90625,31715.97265625,31556.14453125,31313.43359375,30675.4140625,24007.044921875,22174.669921875,17892.33984375,149.6049041748047
10,1,of,1.7110087871551514,63.532875061035156,67.4861831665039,79.2392807006836,99.06178283691406,134.0888214111328,159.436279296875,166.38314819335938,177.47317504882812,201.7516632080078,218.21148681640625,229.64968872070312,231.7275848388672,241.6263885498047,245.81005859375,248.7333221435547,253.8959503173828,263.8342590332031,269.7807312011719,274.04742431640625,279.7311706542969,286.1978454589844,288.5982360839844,293.71697998046875,297.55645751953125,297.9510803222656,298.7416076660156,300.0479431152344,303.86846923828125,308.2362976074219,316.1759033203125,321.26495361328125,328.7579040527344,336.294189453125,339.1958312988281,342.9830322265625,348.10052490234375,353.23150634765625,346.6373291015625,351.1097717285156,352.018310546875,353.8005676269531,348.7375183105469,351.0072021484375,360.54522705078125,376.8682556152344,396.5777893066406,408.2138977050781,424.7290344238281,445.6520080566406,495.9466552734375,553.537353515625,610.505126953125,659.7933349609375,733.8214721679688,795.5390014648438,874.574462890625,922.7066040039062,984.789794921875,1037.979736328125,1126.351806640625,1211.5625,1478.734619140625,1958.01513671875,180.46160888671875
10,2,dst,1.4342983961105347,63.02738952636719,68.04305267333984,73.79041290283203,96.05178833007812,125.54045867919922,162.5547332763672,186.55661010742188,195.0324249267578,205.0952606201172,225.1966094970703,241.84642028808594,246.06149291992188,251.29505920410156,256.394287109375,262.1890869140625,266.2384948730469,271.8338928222656,274.1207580566406,275.4129943847656,278.83978271484375,290.94903564453125,289.3612976074219,289.66650390625,287.3113098144531,286.71612548828125,286.9203796386719,289.3094787597656,287.01806640625,289.7008972167969,284.8084716796875,287.8692321777344,291.9232177734375,300.96807861328125,304.6477966308594,308.7662658691406,310.0110778808594,314.0334167480469,307.6825866699219,309.006103515625,307.94561767578125,317.81976318359375,316.65625,316.3622131347656,323.7627868652344,341.6240539550781,342.33795166015625,356.97125244140625,365.2972106933594,385.3294372558594,431.3682556152344,457.8954772949219,532.3311157226562,567.6087036132812,627.417724609375,710.744384765625,762.0631713867188,829.0776977539062,888.4815063476562,976.7456665039062,1089.4525146484375,1175.174072265625,1397.07177734375,1799.67626953125,127.07569122314453
10,3,ad,1.7685333490371704,53.53731918334961,58.039756774902344,64.77362060546875,100.69164276123047,127.4326171875,159.07325744628906,174.37481689453125,179.17518615722656,184.6160888671875,193.21279907226562,196.53262329101562,205.50936889648438,214.90403747558594,224.01686096191406,230.1846160888672,225.7107391357422,234.5720977783203,240.93710327148438,245.12220764160156,254.1563720703125,261.6773986816406,264.56146240234375,264.86773681640625,260.6176452636719,261.1243896484375,264.1623229980469,268.2019348144531,267.4566650390625,272.03173828125,276.09796142578125,278.6045837402344,281.14892578125,288.96893310546875,286.84844970703125,292.3725280761719,298.2510070800781,301.60601806640625,302.38604736328125,308.9543762207031,317.8647155761719,328.0694580078125,325.6622619628906,327.6080627441406,335.12347412109375,356.5168151855469,376.68389892578125,393.1271667480469,408.1919250488281,433.2872619628906,471.82574462890625,486.6461181640625,543.6834716796875,576.6632080078125,628.7543334960938,670.3299560546875,719.8806762695312,824.1680908203125,891.0135498046875,976.1123657226562,1110.6441650390625,1244.72802734375,1536.4957275390625,2195.588623046875,207.09718322753906
10,4, van,1.61207115650177,59.32137680053711,66.3739242553711,72.1248779296875,81.93170166015625,102.40028381347656,109.1729507446289,116.77594757080078,118.72036743164062,123.30668640136719,141.31155395507812,155.9713592529297,170.54315185546875,183.99632263183594,191.68789672851562,201.90823364257812,222.03955078125,235.11166381835938,229.92359924316406,227.11703491210938,229.3451690673828,235.4708251953125,240.01776123046875,243.2458953857422,237.7139129638672,237.21975708007812,243.03944396972656,248.99508666992188,254.2359619140625,247.4801025390625,250.3225555419922,248.19515991210938,251.11846923828125,262.2041931152344,268.8727111816406,269.1406555175781,262.7413635253906,267.6746520996094,267.14404296875,276.4383850097656,277.6763610839844,286.9143981933594,283.67010498046875,288.0222473144531,293.743896484375,307.5450439453125,314.3464050292969,328.7393798828125,346.349365234375,378.3154296875,405.3930969238281,432.9073486328125,477.3995666503906,520.1307983398438,580.6246337890625,658.9013671875,728.5182495117188,832.3388061523438,958.826904296875,1112.309814453125,1284.334716796875,1527.913330078125,1833.27490234375,2398.153076171875,194.43911743164062
10,5, D,1.7882018089294434,53.937496185302734,63.823463439941406,74.19428253173828,94.83875274658203,111.17915344238281,121.75931549072266,131.14273071289062,143.7803192138672,161.0821075439453,172.19468688964844,195.17796325683594,204.9302520751953,196.7860565185547,191.38925170898438,190.6745147705078,187.98464965820312,192.9598846435547,194.1160125732422,201.07696533203125,204.51515197753906,204.26190185546875,210.01556396484375,216.84414672851562,212.8095245361328,213.43849182128906,213.61312866210938,212.2277374267578,216.90536499023438,216.9204559326172,217.01422119140625,217.99806213378906,226.03257751464844,233.35369873046875,239.08676147460938,246.62994384765625,253.40135192871094,253.2405242919922,252.568115234375,256.6673278808594,259.3447570800781,268.23126220703125,261.0372009277344,257.6665954589844,267.48175048828125,283.7674560546875,289.62261962890625,293.3211364746094,303.36749267578125,322.966796875,360.46783447265625,402.44390869140625,459.19140625,497.3760986328125,578.5760498046875,625.828125,741.2461547851562,830.3511352539062,936.722900390625,1016.6383056640625,1100.6539306640625,1179.3822021484375,1378.9600830078125,1853.2679443359375,148.2486114501953
10,6,uits,1.476805567741394,56.839683532714844,61.64289474487305,69.783447265625,94.43177795410156,119.91548156738281,151.55763244628906,171.5937957763672,180.76170349121094,195.83409118652344,196.8419952392578,209.87066650390625,216.8431854248047,215.92897033691406,217.82757568359375,226.98641967773438,229.8460693359375,231.49781799316406,232.2705078125,236.69186401367188,241.64878845214844,244.3367919921875,252.0562744140625,251.76361083984375,248.7152099609375,251.68350219726562,253.3992462158203,254.74923706054688,261.653564453125,263.44427490234375,265.56866455078125,273.6408386230469,272.0454406738281,273.6690368652344,278.20794677734375,281.6726379394531,288.24066162109375,294.12152099609375,294.79296875,301.3631896972656,302.49993896484375,307.0748596191406,305.3411560058594,302.56036376953125,315.97979736328125,335.0816345214844,347.81243896484375,379.02105712890625,387.0029602050781,409.27203369140625,458.4919128417969,461.62457275390625,534.2061767578125,550.9356689453125,603.7874755859375,630.4373168945312,688.115234375,751.0693969726562,825.7623291015625,900.0928344726562,964.855712890625,1053.646728515625,1268.6363525390625,1660.0533447265625,150.2384490966797
10,7,land,1.6639063358306885,54.88860321044922,58.930213928222656,67.63925170898438,88.2600326538086,110.88969421386719,139.0678253173828,155.8059539794922,161.6377716064453,172.05154418945312,178.6922149658203,180.26304626464844,186.50033569335938,191.662353515625,197.44956970214844,203.40463256835938,214.75424194335938,215.19784545898438,217.2687225341797,219.05072021484375,219.2216796875,217.9356689453125,223.33651733398438,231.1815643310547,225.37322998046875,225.67933654785156,226.8917236328125,230.5130615234375,235.86131286621094,233.82028198242188,236.01303100585938,244.4084930419922,245.33206176757812,247.19651794433594,250.45286560058594,255.06529235839844,257.423095703125,264.84051513671875,269.9724426269531,278.3240051269531,281.6691589355469,291.08258056640625,290.509033203125,295.0135192871094,312.527099609375,353.0700988769531,370.4609375,389.7353210449219,398.56756591796875,421.8061828613281,462.80072021484375,471.8144836425781,526.8646850585938,552.1115112304688,591.3665771484375,629.4136962890625,686.92578125,780.3485717773438,850.0911865234375,946.2843627929688,1058.3778076171875,1208.161376953125,1442.512451171875,2158.409423828125,189.3251190185547
10,8, is,1.7586857080459595,49.02903366088867,59.96852493286133,66.74547576904297,75.46676635742188,85.22006225585938,90.70326232910156,97.7049331665039,102.6618423461914,110.66749572753906,127.79512023925781,141.9369659423828,151.00404357910156,155.29971313476562,157.3474884033203,156.4894256591797,167.12815856933594,181.4271697998047,183.08251953125,181.8433837890625,180.78802490234375,189.9764404296875,193.891357421875,199.4764404296875,195.75289916992188,199.87353515625,202.85595703125,209.57786560058594,214.6072540283203,222.87539672851562,230.29627990722656,231.84588623046875,237.51776123046875,245.67527770996094,257.83746337890625,263.7611999511719,253.31719970703125,258.3382873535156,252.26324462890625,255.68087768554688,255.9971466064453,273.88507080078125,268.9986877441406,271.8762512207031,280.70556640625,302.2406311035156,314.788330078125,327.4896240234375,349.61053466796875,368.2864990234375,410.7425537109375,426.9356384277344,479.1137390136719,524.987060546875,573.188232421875,623.7794799804688,681.6448974609375,772.3246459960938,851.2328491210938,949.53271484375,1074.8294677734375,1272.6212158203125,1525.7977294921875,2138.298828125,168.71180725097656
11,0,T,1.8202065229415894,69.61859130859375,107.71574401855469,139.982177734375,138.3001251220703,16075.7099609375,25875.95703125,28924.201171875,28924.060546875,29077.32421875,29077.08984375,29306.578125,29306.58203125,29383.056640625,29382.681640625,29382.14453125,29385.798828125,29385.279296875,29384.66796875,29384.8125,29389.34765625,29389.111328125,29389.2265625,29469.744140625,29470.578125,29470.66796875,29471.439453125,29471.2421875,29473.341796875,29474.484375,29475.103515625,29475.251953125,29476.642578125,29479.13671875,29557.490234375,29559.328125,29732.005859375,29732.6640625,29886.453125,30286.4609375,30450.775390625,30605.177734375,30759.919921875,30950.15234375,30944.208984375,30943.291015625,30942.673828125,30942.181640625,30941.615234375,30941.11328125,30936.78125,30934.400390625,30934.2578125,30931.294921875,30929.67578125,30928.88671875,30928.26171875,30770.326171875,30610.40625,30367.3984375,29729.314453125,23109.49609375,21276.458984375,17410.638671875,147.46527099609375
11,1,ys,1.6993415355682373,56.39946365356445,60.965415954589844,70.75166320800781,92.03379821777344,117.44756317138672,137.76571655273438,150.5619659423828,187.28541564941406,204.51373291015625,214.87887573242188,225.776611328125,227.6469268798828,231.60891723632812,233.151611328125,237.47589111328125,237.15963745117188,245.12875366210938,252.8249969482422,255.14065551757812,256.5838928222656,259.3815002441406,257.2039794921875,258.65277099609375,259.69091796875,257.9132080078125,260.0252380371094,260.9649658203125,259.2054443359375,256.134033203125,253.8059539794922,254.39614868164062,263.6019592285156,268.3536071777344,272.96185302734375,274.391845703125,275.1670227050781,272.0034484863281,267.1414794921875,269.6910705566406,274.9292297363281,278.429931640625,274.96124267578125,274.642578125,282.64642333984375,296.6252746582031,305.2286071777344,325.4635925292969,356.330810546875,394.268310546875,450.6899719238281,520.8906860351562,607.5155029296875,674.596923828125,723.5211791992188,772.2010498046875,833.2060546875,881.6900024414062,932.110107421875,1003.9579467773438,1085.9173583984375,1154.7620849609375,1399.689697265625,1749.33935546875,172.54563903808594
11,2,k,1.810056209564209,54.4612922668457,60.494354248046875,67.68958282470703,89.58659362792969,126.458984375,164.32240295410156,192.02322387695312,206.71946716308594,234.66152954101562,239.246337890625,251.25746154785156,252.2806396484375,259.398193359375,268.08331298828125,272.5877990722656,265.99493408203125,266.9437255859375,268.8446350097656,269.6670227050781,275.5910339355469,281.2221374511719,284.57696533203125,290.43267822265625,291.96319580078125,294.3766174316406,295.51959228515625,296.408935546875,296.5111389160156,296.83612060546875,296.1766662597656,312.3537902832031,307.7071838378906,311.8672180175781,307.1379089355469,312.4168395996094,314.8463134765625,315.7082214355469,313.9468078613281,316.53253173828125,316.1777038574219,322.97955322265625,319.5419616699219,317.4378967285156,325.621337890625,337.4228515625,347.2588195800781,373.6876220703125,378.86907958984375,396.7291259765625,430.89892578125,469.4751281738281,548.6172485351562,588.084228515625,649.1405639648438,699.9620361328125,765.2200927734375,839.1575317382812,924.0889282226562,997.4370727539062,1099.9681396484375,1199.1444091796875,1458.0322265625,1997.145751953125,193.2328338623047
11,3,lands,1.537994146347046,54.74448013305664,58.465965270996094,65.99146270751953,83.84420776367188,114.4747314453125,136.36680603027344,150.01651000976562,165.5599822998047,179.55819702148438,190.70651245117188,195.00697326660156,203.6043243408203,214.3644561767578,224.48211669921875,225.7219696044922,231.96681213378906,239.14178466796875,239.8631591796875,243.99026489257812,249.4165802001953,249.0334014892578,251.80642700195312,251.85357666015625,251.59848022460938,254.2768096923828,254.2855224609375,258.3177490234375,262.66778564453125,264.13006591796875,267.958251953125,269.1590576171875,266.90655517578125,270.673828125,271.5466003417969,280.36737060546875,280.0849304199219,286.07916259765625,287.4547119140625,293.00579833984375,295.17999267578125,304.06781005859375,300.2043151855469,300.51422119140625,309.9620666503906,329.3216857910156,344.493896484375,362.38311767578125,371.81341552734375,386.35650634765625,405.3526916503906,440.0264892578125,494.16900634765625,544.2581176757812,601.0895385742188,649.8123779296875,712.4780883789062,813.1110229492188,910.2294921875,992.7816772460938,1152.075927734375,1282.8123779296875,1578.6483154296875,2138.660888671875,203.0170440673828
11,4, h,1.7408607006072998,54.82481002807617,63.49394226074219,71.99098205566406,86.17001342773438,101.64849090576172,113.32337951660156,116.65437316894531,128.9391632080078,138.96812438964844,152.92640686035156,169.0993194580078,193.3900146484375,192.48568725585938,190.70285034179688,188.2247772216797,188.07933044433594,202.18954467773438,204.83868408203125,210.83119201660156,214.4542999267578,217.65257263183594,217.13949584960938,218.66148376464844,220.66439819335938,223.2819061279297,221.17474365234375,222.4706268310547,219.91810607910156,217.60145568847656,216.0346221923828,217.4563446044922,214.5893096923828,222.8914031982422,231.23977661132812,237.8539581298828,238.8207550048828,243.52984619140625,238.716064453125,243.19369506835938,245.63230895996094,261.5350341796875,258.521484375,250.51319885253906,263.8850402832031,278.7405090332031,281.2335205078125,298.89752197265625,311.1949157714844,328.12762451171875,363.3956298828125,405.08428955078125,437.012451171875,499.87579345703125,540.6528930664062,609.2398071289062,692.4351196289062,784.9721069335938,897.8123168945312,964.2859497070312,1110.871826171875,1257.3692626953125,1502.4429931640625,2155.651611328125,159.7599334716797
11,5,uv,1.5814592838287354,57.454341888427734,62.67539596557617,70.83879852294922,88.02010345458984,116.74372100830078,134.3692626953125,138.40200805664062,158.0118408203125,167.76165771484375,197.55282592773438,206.83018493652344,217.93435668945312,218.2894287109375,222.41546630859375,227.84266662597656,225.6558380126953,227.7035675048828,227.46182250976562,227.10223388671875,232.96685791015625,235.83102416992188,235.62940979003906,234.64076232910156,234.0509796142578,233.882568359375,236.40130615234375,237.72885131835938,237.16171264648438,240.07386779785156,239.10137939453125,241.0224609375,249.35440063476562,256.77154541015625,254.3308868408203,256.6203918457031,257.2711486816406,259.3308410644531,260.94415283203125,258.835693359375,260.1065368652344,268.18536376953125,268.3955078125,270.8314208984375,276.0960388183594,300.3316955566406,300.161376953125,310.16802978515625,327.1065368652344,344.59381103515625,387.5838317871094,430.225341796875,490.07659912109375,558.7501831054688,633.8541259765625,696.6921997070312,771.7583618164062,817.7581176757812,859.9806518554688,907.873291015625,986.5314331054688,1072.718505859375,1273.4544677734375,1609.13134765625,131.21981811523438
11,6,ud,1.696426510810852,53.07544708251953,56.13113021850586,61.51056671142578,81.80731964111328,110.86001586914062,140.6712646484375,146.15008544921875,164.85206604003906,163.5625457763672,180.64456176757812,192.09088134765625,203.97425842285156,205.16294860839844,216.5360870361328,222.42138671875,222.32826232910156,224.90414428710938,223.27769470214844,222.5069122314453,225.97711181640625,228.11924743652344,229.3491973876953,229.05848693847656,227.6485595703125,227.16256713867188,230.11483764648438,232.5172576904297,231.98158264160156,237.9728240966797,237.1209716796875,241.062744140625,253.9453125,254.83087158203125,254.4958038330078,256.9945373535156,258.59033203125,260.5191650390625,263.6849365234375,261.5309753417969,262.3459167480469,269.3158874511719,268.65753173828125,272.84979248046875,275.39605712890625,296.5003967285156,294.8600769042969,302.9085693359375,319.77587890625,331.44744873046875,376.1214904785156,402.52813720703125,482.9769287109375,534.01953125,602.9025268554688,650.3182983398438,704.1580810546875,797.8353881835938,855.1192016601562,966.9376220703125,1110.8572998046875,1224.2633056640625,1499.3328857421875,1972.7584228515625,186.1186065673828
11,7,stad,1.4122281074523926,62.52686309814453,66.27064514160156,69.61170959472656,90.55641174316406,107.53297424316406,126.09459686279297,131.68296813964844,138.5587921142578,141.1431884765625,155.095947265625,154.8551025390625,178.98887634277344,182.715087890625,185.5297088623047,193.27984619140625,196.41856384277344,205.06187438964844,210.12423706054688,212.60377502441406,213.73020935058594,216.8205108642578,219.63290405273438,223.03909301757812,221.65744018554688,220.6907958984375,222.99205017089844,229.0287628173828,230.9485626220703,239.51734924316406,244.78492736816406,245.2418670654297,252.06622314453125,257.3023986816406,250.50389099121094,254.4652862548828,255.7626495361328,264.23382568359375,270.44183349609375,278.1502380371094,289.5648498535156,297.6387023925781,285.2041931152344,289.6499328613281,299.8014221191406,327.16845703125,353.5133361816406,356.7558898925781,366.03094482421875,389.6582946777344,409.5132751464844,432.03924560546875,486.7608947753906,521.6821899414062,563.9951782226562,606.5556030273438,659.7101440429688,767.34326171875,841.503173828125,924.3663940429688,1053.99267578125,1185.0703125,1442.2833251953125,2100.5595703125,175.50750732421875
11,8, är,1.2934014797210693,66.06358337402344,70.4010238647461,78.30399322509766,92.26565551757812,105.6463623046875,119.49446868896484,122.47449493408203,131.96426391601562,134.72259521484375,145.03627014160156,155.81893920898438,164.55160522460938,183.01055908203125,184.2009735107422,183.24742126464844,189.38685607910156,203.43484497070312,206.9221954345703,208.4169921875,209.54141235351562,216.82681274414062,221.5620574951172,226.88258361816406,220.60081481933594,218.9357452392578,222.18101501464844,222.42225646972656,224.9725799560547,235.84002685546875,235.3689727783203,241.037353515625,247.44509887695312,256.344970703125,267.1312561035156,268.2380065917969,263.1763610839844,272.0721740722656,270.0265197753906,280.6803894042969,286.9236755371094,294.1432800292969,290.6331481933594,289.9969482421875,305.0376892089844,325.914794921875,334.6777038574219,341.46246337890625,354.7645263671875,371.9654235839844,424.6316833496094,439.0063171386719,477.8501892089844,525.9070434570312,572.8442993164062,616.2904663085938,676.2644653320312,767.7291259765625,845.0986328125,913.9745483398438,1058.822509765625,1189.45947265625,1409.1422119140625,1944.8626708984375,172.3424835205078
